<?xml version="1.0" encoding="utf-8"?>
<window type="dialog">
    <allowoverlay>no</allowoverlay>
    <defaultcontrol always="false">101</defaultcontrol>
    <coordinates>
        <system>1</system>
        <posx>0</posx>
        <posy>0</posy>
    </coordinates>
    <controls>
        <control type="label" id="100">
            <description>tabs visibility marker</description>
            <visible>false</visible>
        </control>
        <control type="image">
            <posx>0</posx>
            <posy>0</posy>
            <width>1920</width>
            <height>1080</height>
            <texture>black.png</texture>
            <visible>true</visible>
        </control>
        <control type="image">
            <posx>1920</posx>
            <posy>1080</posy>
            <width>-519</width>
            <height>-304</height>
            <texture>video-mask.png</texture>
            <visible>false</visible>
        </control>
        <control type="image">
            <posx>1920</posx>
            <posy>1080</posy>
            <width>-519</width>
            <height>-304</height>
            <texture>video-mask.png</texture>
            <visible>false</visible>
        </control>
        <control type="image">
            <description>top buttons mount</description>
            <posx>15</posx>
            <posy>45</posy>
            <width>1890</width>
            <height>90</height>
            <texture>grey.png</texture>
            <visible>true</visible>
        </control>
        <control type="image">
            <description>top button background</description>
            <posx>18</posx>
            <posy>48</posy>
            <width>1884</width>
            <height>84</height>
            <texture>black-back.png</texture>
            <visible>true</visible>
        </control>
        <control type="image">
            <description>bottom buttons mount</description>
            <posx>15</posx>
            <posy>960</posy>
            <width>1890</width>
            <height>90</height>
            <texture>grey.png</texture>
            <visible>true</visible>
        </control>
        <control type="image">
            <description>bottom buttons background</description>
            <posx>18</posx>
            <posy>963</posy>
            <width>1884</width>
            <height>84</height>
            <texture>black-back.png</texture>
            <visible>true</visible>
        </control>
        <control type="image">
            <description>main mount</description>
            <posx>15</posx>
            <posy>150</posy>
            <width>1890</width>
            <height>795</height>
            <texture>grey.png</texture>
            <visible>true</visible>
        </control>
        <control type="image">
            <description>main background</description>
            <posx>18</posx>
            <posy>153</posy>
            <width>1884</width>
            <height>789</height>
            <texture>black-back.png</texture>
            <visible>true</visible>
        </control>
        <control type="image" id="4023">
            <description>Channel Logo</description>
            <posx>30</posx>
            <posy>60</posy>
            <width>255</width>
            <height>60</height>
            <aspectratio>keep</aspectratio>
            <align>left</align>
            <texture>-</texture>
            <visible>true</visible>
        </control>
        <control type="label" id="4024">
            <label />
            <description>Channel Name</description>
            <posx>300</posx>
            <posy>60</posy>
            <width>255</width>
            <height>60</height>
            <align>left</align>
            <aligny>center</aligny>
            <font>font13_title</font>
            <textcolor>white</textcolor>
            <scroll>true</scroll>
        </control>
        <control type="image" id="4025">
            <description>Addon Logo</description>
            <posx>30</posx>
            <posy>968</posy>
            <width>255</width>
            <height>75</height>
            <aspectratio>keep</aspectratio>
            <align>left</align>
            <texture>-</texture>
            <visible>true</visible>
        </control>
        <control type="label" id="4026">
            <label></label>
            <description>Addon Name</description>
            <posx>300</posx>
            <posy>975</posy>
            <width>360</width>
            <height>60</height>
            <align>left</align>
            <aligny>center</aligny>
            <font>font13_title</font>
            <textcolor>white</textcolor>
            <scroll>true</scroll>
        </control>
        <control type="image">
            <posx>60</posx>
            <posy>150</posy>
            <width>1515</width>
            <height>765</height>
            <texture>menu-stream.png</texture>
            <visible>false</visible>
        </control>
        <control type="label">
            <!-- Set Up Stream Text -->
            <posx>60</posx>
            <posy>120</posy>
            <width>750</width>
            <height>60</height>
            <label>$ADDON[script.tvguide.fullscreen 30600]</label>
            <align>left</align>
            <visible>false</visible>
        </control>
        <control type="button" id="101">
            <posx>675</posx>
            <posy>60</posy>
            <width>255</width>
            <height>60</height>
            <align>center</align>
            <aligny>center</aligny>
            <font>font13</font>
            <textcolor>white</textcolor>
            <focusedcolor>black</focusedcolor>
            <label>strm|m3u</label>
            <texturefocus>tvg-button-focus.png</texturefocus>
            <texturenofocus>tvg-button-nofocus.png</texturenofocus>
            <onleft>104</onleft>
            <onright>102</onright>
            <ondown>1001</ondown>
        </control>
        <control type="button" id="102">
            <posx>975</posx>
            <posy>60</posy>
            <width>255</width>
            <height>60</height>
            <align>center</align>
            <aligny>center</aligny>
            <font>font13</font>
            <textcolor>white</textcolor>
            <focusedcolor>black</focusedcolor>
            <label>$ADDON[script.tvguide.fullscreen 30602]</label>
            <texturefocus>tvg-button-focus.png</texturefocus>
            <texturenofocus>tvg-button-nofocus.png</texturenofocus>
            <onleft>101</onleft>
            <onright>103</onright>
            <ondown>2001</ondown>
        </control>
        <control type="button" id="103">
            <posx>1275</posx>
            <posy>60</posy>
            <width>255</width>
            <height>60</height>
            <align>center</align>
            <aligny>center</aligny>
            <font>font13</font>
            <textcolor>white</textcolor>
            <focusedcolor>black</focusedcolor>
            <label>$ADDON[script.tvguide.fullscreen 30603]</label>
            <texturefocus>tvg-button-focus.png</texturefocus>
            <texturenofocus>tvg-button-nofocus.png</texturenofocus>
            <onleft>102</onleft>
            <onright>104</onright>
            <ondown>3001</ondown>
        </control>
        <control type="button" id="104">
            <posx>1575</posx>
            <posy>60</posy>
            <width>255</width>
            <height>60</height>
            <align>center</align>
            <aligny>center</aligny>
            <font>font13</font>
            <textcolor>white</textcolor>
            <focusedcolor>black</focusedcolor>
            <label>Browse</label>
            <texturefocus>tvg-button-focus.png</texturefocus>
            <texturenofocus>tvg-button-nofocus.png</texturenofocus>
            <onleft>103</onleft>
            <onright>101</onright>
            <ondown>4001</ondown>
        </control>
        <control type="group" id="1000">
            <posx>0</posx>
            <posy>180</posy>
            <width>1200</width>
            <height>510</height>
            <visible>StringCompare(Control.GetLabel(100),strm)</visible>
            <control type="textbox">
                <posx>210</posx>
                <posy>90</posy>
                <width>840</width>
                <height>120</height>
                <align>left</align>
                <label>Choose stream or substream from strm|m3u playlist.</label>
            </control>
            <control type="button" id="1001">
                <description>Single Stream From Playlist</description>
                <posx>450</posx>
                <posy>240</posy>
                <width>255</width>
                <height>75</height>
                <label>strm|m3u File</label>
                <align>center</align>
                <aligny>center</aligny>
                <font>font13</font>
                <textcolor>white</textcolor>
                <focusedcolor>black</focusedcolor>
                <texturefocus>tvg-button-focus.png</texturefocus>
                <texturenofocus>tvg-button-nofocus.png</texturenofocus>
                <onup>101</onup>
                <onright>1006</onright>
                <ondown>1002</ondown>
            </control>
            <control type="button" id="1006">
                <description>Import Playlist</description>
                <posx>750</posx>
                <posy>240</posy>
                <width>255</width>
                <height>75</height>
                <label>Import Playlist</label>
                <align>center</align>
                <aligny>center</aligny>
                <font>font13</font>
                <textcolor>white</textcolor>
                <focusedcolor>black</focusedcolor>
                <texturefocus>tvg-button-focus.png</texturefocus>
                <texturenofocus>tvg-button-nofocus.png</texturenofocus>
                <onup>101</onup>
                <onleft>1001</onleft>
                <onright>1007</onright>
                <ondown>1002</ondown>
            </control>
            <control type="button" id="1007">
                <description>Import PVR </description>
                <posx>1050</posx>
                <posy>240</posy>
                <width>255</width>
                <height>75</height>
                <label>Import PVR</label>
                <align>center</align>
                <aligny>center</aligny>
                <font>font13</font>
                <textcolor>white</textcolor>
                <focusedcolor>black</focusedcolor>
                <texturefocus>tvg-button-focus.png</texturefocus>
                <texturenofocus>tvg-button-nofocus.png</texturenofocus>
                <onup>101</onup>
                <onleft>1006</onleft>
                <onright>1008</onright>
                <ondown>1002</ondown>
            </control>
            <control type="button" id="1008">
                <description>catchup</description>
                <posx>1350</posx>
                <posy>240</posy>
                <width>255</width>
                <height>75</height>
                <label>Catchup Channel</label>
                <align>center</align>
                <aligny>center</aligny>
                <font>font13</font>
                <textcolor>white</textcolor>
                <focusedcolor>black</focusedcolor>
                <texturefocus>tvg-button-focus.png</texturefocus>
                <texturenofocus>tvg-button-nofocus.png</texturenofocus>
                <onup>101</onup>
                <onleft>1007</onleft>
                <onright>1002</onright>
                <ondown>1002</ondown>
            </control>
            <control type="textbox" id="1005">
                <posx>210</posx>
                <posy>360</posy>
                <width>1920</width>
                <height>120</height>
            </control>
            <control type="button" id="1002">
                <posx>675</posx>
                <posy>795</posy>
                <width>255</width>
                <height>60</height>
                <align>center</align>
                <aligny>center</aligny>
                <font>font13</font>
                <textcolor>white</textcolor>
                <focusedcolor>black</focusedcolor>
                <label>$ADDON[script.tvguide.fullscreen 30604]</label>
                <texturefocus>tvg-button-focus.png</texturefocus>
                <texturenofocus>tvg-button-nofocus.png</texturenofocus>
                <onup>101</onup>
                <onleft>1006</onleft>
                <onright>1003</onright>
            </control>
            <control type="button" id="1003">
                <posx>975</posx>
                <posy>795</posy>
                <width>255</width>
                <height>60</height>
                <align>center</align>
                <aligny>center</aligny>
                <font>font13</font>
                <textcolor>white</textcolor>
                <focusedcolor>black</focusedcolor>
                <label>$ADDON[script.tvguide.fullscreen 30605]</label>
                <texturefocus>tvg-button-focus.png</texturefocus>
                <texturenofocus>tvg-button-nofocus.png</texturenofocus>
                <onup>101</onup>
                <onleft>1002</onleft>
                <onright>1004</onright>
            </control>
            <control type="button" id="1004">
                <posx>1275</posx>
                <posy>795</posy>
                <width>255</width>
                <height>60</height>
                <align>center</align>
                <aligny>center</aligny>
                <font>font13</font>
                <textcolor>white</textcolor>
                <focusedcolor>black</focusedcolor>
                <label>$ADDON[script.tvguide.fullscreen 30606]</label>
                <texturefocus>tvg-button-focus.png</texturefocus>
                <texturenofocus>tvg-button-nofocus.png</texturenofocus>
                <onup>101</onup>
                <onleft>1003</onleft>
                <onright>1009</onright>
            </control>
            <control type="button" id="1009">
                <posx>1575</posx>
                <posy>795</posy>
                <width>255</width>
                <height>60</height>
                <align>center</align>
                <aligny>center</aligny>
                <font>font13</font>
                <textcolor>white</textcolor>
                <focusedcolor>black</focusedcolor>
                <label>Clear Alt Stream</label>
                <texturefocus>tvg-button-focus.png</texturefocus>
                <texturenofocus>tvg-button-nofocus.png</texturenofocus>
                <onup>101</onup>
                <onleft>1004</onleft>
            </control>
        </control>
        <control type="group" id="2000">
            <!-- Favourites -->
            <posx>0</posx>
            <posy>180</posy>
            <width>1200</width>
            <height>510</height>
            <visible>StringCompare(Control.GetLabel(100),favourites)</visible>
            <control type="textbox">
                <posx>210</posx>
                <posy>90</posy>
                <width>525</width>
                <height>120</height>
                <align>left</align>
                <label>Choose a Favourite Stream.</label>
            </control>
            <control type="list" id="2001">
                <posx>825</posx>
                <posy>30</posy>
                <width>600</width>
                <height>720</height>
                <viewtype label="list">list</viewtype>
                <orientation>vertical</orientation>
                <focusposition>7</focusposition>
                <onleft>102</onleft>
                <onright>2002</onright>
                <itemlayout width="600" height="60">
                    <control type="image">
                        <posx>0</posx>
                        <posy>0</posy>
                        <width>600</width>
                        <height>57</height>
                        <texture>tvg-button-nofocus.png</texture>
                    </control>
                    <control type="label">
                        <posx>24</posx>
                        <posy>0</posy>
                        <width>600</width>
                        <height>57</height>
                        <aligny>center</aligny>
                        <font>font13</font>
                        <textcolor>white</textcolor>
                        <info>ListItem.Label</info>
                    </control>
                </itemlayout>
                <focusedlayout width="600" height="60">
                    <control type="image">
                        <posx>0</posx>
                        <posy>0</posy>
                        <width>600</width>
                        <height>57</height>
                        <texture>tvg-button-focus.png</texture>
                        <visible>true</visible>
                    </control>
                    <control type="label">
                        <posx>24</posx>
                        <posy>0</posy>
                        <width>600</width>
                        <height>57</height>
                        <aligny>center</aligny>
                        <font>font13</font>
                        <textcolor>white</textcolor>
                        <info>ListItem.Label</info>
                        <visible>!Control.HasFocus(2001)</visible>
                    </control>
                    <control type="label">
                        <posx>24</posx>
                        <posy>0</posy>
                        <width>600</width>
                        <height>57</height>
                        <aligny>center</aligny>
                        <font>font13</font>
                        <textcolor>black</textcolor>
                        <info>ListItem.Label</info>
                        <visible>Control.HasFocus(2001)</visible>
                    </control>
                </focusedlayout>
            </control>
            <control type="button" id="2002">
                <posx>675</posx>
                <posy>795</posy>
                <width>255</width>
                <height>60</height>
                <align>center</align>
                <aligny>center</aligny>
                <font>font13</font>
                <textcolor>white</textcolor>
                <focusedcolor>black</focusedcolor>
                <label>$ADDON[script.tvguide.fullscreen 30604]</label>
                <texturefocus>tvg-button-focus.png</texturefocus>
                <texturenofocus>tvg-button-nofocus.png</texturenofocus>
                <onup>102</onup>
                <onleft>2001</onleft>
                <onright>2003</onright>
            </control>
            <control type="button" id="2003">
                <posx>975</posx>
                <posy>795</posy>
                <width>255</width>
                <height>60</height>
                <align>center</align>
                <aligny>center</aligny>
                <font>font13</font>
                <textcolor>white</textcolor>
                <focusedcolor>black</focusedcolor>
                <label>$ADDON[script.tvguide.fullscreen 30605]</label>
                <texturefocus>tvg-button-focus.png</texturefocus>
                <texturenofocus>tvg-button-nofocus.png</texturenofocus>
                <onup>102</onup>
                <onleft>2002</onleft>
                <onright>2004</onright>
            </control>
            <control type="button" id="2004">
                <posx>1275</posx>
                <posy>795</posy>
                <width>255</width>
                <height>60</height>
                <align>center</align>
                <aligny>center</aligny>
                <font>font13</font>
                <textcolor>white</textcolor>
                <focusedcolor>black</focusedcolor>
                <label>$ADDON[script.tvguide.fullscreen 30606]</label>
                <texturefocus>tvg-button-focus.png</texturefocus>
                <texturenofocus>tvg-button-nofocus.png</texturenofocus>
                <onup>102</onup>
                <onleft>2003</onleft>
                <onright>2005</onright>
            </control>
            <control type="button" id="2005">
                <posx>1575</posx>
                <posy>795</posy>
                <width>255</width>
                <height>60</height>
                <align>center</align>
                <aligny>center</aligny>
                <font>font13</font>
                <textcolor>white</textcolor>
                <focusedcolor>black</focusedcolor>
                <label>Alt Stream</label>
                <texturefocus>tvg-button-focus.png</texturefocus>
                <texturenofocus>tvg-button-nofocus.png</texturenofocus>
                <onup>102</onup>
                <onleft>2004</onleft>
                <visible>true</visible>
            </control>
        </control>
        <control type="group" id="3000">
            <!-- Addons -->
            <posx>0</posx>
            <posy>180</posy>
            <width>1920</width>
            <height>900</height>
            <visible>StringCompare(Control.GetLabel(100),addons)</visible>
            <control type="image">
                <posx>135</posx>
                <posy>30</posy>
                <width>60</width>
                <height>18</height>
                <texture>tvguide-channel-arrow.png</texture>
            </control>
            <control type="image">
                <posx>135</posx>
                <posy>345</posy>
                <width>60</width>
                <height>-18</height>
                <texture>tvguide-channel-arrow.png</texture>
            </control>
            <control type="wraplist" id="3001">
                <posx>60</posx>
                <posy>98</posy>
                <width>225</width>
                <height>225</height>
                <aspectratio>keep</aspectratio>
                <viewtype label="list">list</viewtype>
                <orientation>vertical</orientation>
                <focusposition>0</focusposition>
                <onleft>103</onleft>
                <onright>3002</onright>
                <itemlayout width="225" height="225">
                    <control type="image">
                        <posx>0</posx>
                        <posy>0</posy>
                        <width>225</width>
                        <height>225</height>
                        <texture>tvg-button-nofocus.png</texture>
                    </control>
                    <control type="image">
                        <posx>15</posx>
                        <posy>15</posy>
                        <width>195</width>
                        <height>195</height>
                        <info>ListItem.Icon</info>
                    </control>
                </itemlayout>
                <focusedlayout width="225" height="225">
                    <control type="image">
                        <posx>0</posx>
                        <posy>0</posy>
                        <width>225</width>
                        <height>225</height>
                        <texture>tvg-button-nofocus.png</texture>
                        <visible>!Control.HasFocus(3001)</visible>
                    </control>
                    <control type="image">
                        <posx>0</posx>
                        <posy>0</posy>
                        <width>225</width>
                        <height>225</height>
                        <texture>tvg-button-focus.png</texture>
                        <visible>Control.HasFocus(3001)</visible>
                    </control>
                    <control type="image">
                        <posx>15</posx>
                        <posy>15</posy>
                        <width>195</width>
                        <height>195</height>
                        <info>ListItem.Icon</info>
                    </control>
                </focusedlayout>
            </control>
            <control type="label" id="3003">
                <posx>60</posx>
                <posy>420</posy>
                <width>495</width>
                <height>60</height>
                <label>[B][/B]</label>
                <textcolor>white</textcolor>
            </control>
            <control type="textbox" id="3004">
                <label />
                <description>addon info</description>
                <posx>60</posx>
                <posy>465</posy>
                <width>675</width>
                <height>285</height>
                <font>font12</font>
                <align>left</align>
                <autoscroll time="3600" delay="6000" repeat="6000">true</autoscroll>
                <visible>!Player.HasMedia</visible>
            </control>
            <control type="list" id="3002">
                <posx>825</posx>
                <posy>30</posy>
                <width>600</width>
                <height>720</height>
                <viewtype label="list">list</viewtype>
                <orientation>vertical</orientation>
                <focusposition>7</focusposition>
                <onleft>3001</onleft>
                <onright>3005</onright>
                <itemlayout width="600" height="60">
                    <control type="image">
                        <posx>0</posx>
                        <posy>0</posy>
                        <width>600</width>
                        <height>57</height>
                        <texture>tvg-button-nofocus.png</texture>
                    </control>
                    <control type="label">
                        <posx>24</posx>
                        <posy>0</posy>
                        <width>600</width>
                        <height>57</height>
                        <aligny>center</aligny>
                        <font>font13</font>
                        <textcolor>white</textcolor>
                        <info>ListItem.Label</info>
                    </control>
                </itemlayout>
                <focusedlayout width="600" height="60">
                    <control type="image">
                        <posx>0</posx>
                        <posy>0</posy>
                        <width>600</width>
                        <height>57</height>
                        <texture>tvg-button-focus.png</texture>
                        <visible>true</visible>
                    </control>
                    <control type="label">
                        <posx>24</posx>
                        <posy>0</posy>
                        <width>600</width>
                        <height>57</height>
                        <aligny>center</aligny>
                        <font>font13</font>
                        <textcolor>white</textcolor>
                        <info>ListItem.Label</info>
                        <visible>!Control.HasFocus(3002)</visible>
                    </control>
                    <control type="label">
                        <posx>24</posx>
                        <posy>0</posy>
                        <width>600</width>
                        <height>57</height>
                        <aligny>center</aligny>
                        <font>font13</font>
                        <textcolor>black</textcolor>
                        <info>ListItem.Label</info>
                        <visible>Control.HasFocus(3002)</visible>
                    </control>
                </focusedlayout>
            </control>
            <control type="button" id="3005">
                <posx>675</posx>
                <posy>795</posy>
                <width>255</width>
                <height>60</height>
                <align>center</align>
                <aligny>center</aligny>
                <font>font13</font>
                <textcolor>white</textcolor>
                <focusedcolor>black</focusedcolor>
                <label>$ADDON[script.tvguide.fullscreen 30604]</label>
                <texturefocus>tvg-button-focus.png</texturefocus>
                <texturenofocus>tvg-button-nofocus.png</texturenofocus>
                <onup>103</onup>
                <onleft>3002</onleft>
                <onright>3006</onright>
            </control>
            <control type="button" id="3006">
                <posx>975</posx>
                <posy>795</posy>
                <width>255</width>
                <height>60</height>
                <align>center</align>
                <aligny>center</aligny>
                <font>font13</font>
                <textcolor>white</textcolor>
                <focusedcolor>black</focusedcolor>
                <label>$ADDON[script.tvguide.fullscreen 30605]</label>
                <texturefocus>tvg-button-focus.png</texturefocus>
                <texturenofocus>tvg-button-nofocus.png</texturenofocus>
                <onup>103</onup>
                <onleft>3005</onleft>
                <onright>3007</onright>
            </control>
            <control type="button" id="3007">
                <posx>1275</posx>
                <posy>795</posy>
                <width>255</width>
                <height>60</height>
                <align>center</align>
                <aligny>center</aligny>
                <font>font13</font>
                <textcolor>white</textcolor>
                <focusedcolor>black</focusedcolor>
                <label>$ADDON[script.tvguide.fullscreen 30606]</label>
                <texturefocus>tvg-button-focus.png</texturefocus>
                <texturenofocus>tvg-button-nofocus.png</texturenofocus>
                <onup>103</onup>
                <onleft>3006</onleft>
                <onright>3009</onright>
            </control>
            <control type="button" id="3009">
                <posx>1575</posx>
                <posy>795</posy>
                <width>255</width>
                <height>60</height>
                <align>center</align>
                <aligny>center</aligny>
                <font>font13</font>
                <textcolor>white</textcolor>
                <focusedcolor>black</focusedcolor>
                <label>Alt Stream</label>
                <texturefocus>tvg-button-focus.png</texturefocus>
                <texturenofocus>tvg-button-nofocus.png</texturenofocus>
                <onup>103</onup>
                <onleft>3007</onleft>
            </control>
        </control>
        <control type="group" id="4000">
            <!-- browse -->
            <posx>0</posx>
            <posy>180</posy>
            <width>1920</width>
            <height>900</height>
            <visible>StringCompare(Control.GetLabel(100),browse)</visible>
            <control type="image">
                <posx>135</posx>
                <posy>30</posy>
                <width>60</width>
                <height>18</height>
                <texture>tvguide-channel-arrow.png</texture>
            </control>
            <control type="image">
                <posx>135</posx>
                <posy>420</posy>
                <width>60</width>
                <height>-18</height>
                <texture>tvguide-channel-arrow.png</texture>
            </control>
            <control type="list" id="4001">
                <posx>60</posx>
                <posy>98</posy>
                <width>450</width>
                <height>300</height>
                <aspectratio>keep</aspectratio>
                <viewtype label="list">list</viewtype>
                <orientation>vertical</orientation>
                <focusposition>0</focusposition>
                <onleft>104</onleft>
                <onright>4008</onright>
                <itemlayout width="225" height="300">
                    <control type="image">
                        <posx>0</posx>
                        <posy>0</posy>
                        <width>225</width>
                        <height>225</height>
                        <texture>tvg-button-nofocus.png</texture>
                    </control>
                    <control type="image">
                        <posx>15</posx>
                        <posy>15</posy>
                        <width>195</width>
                        <height>195</height>
                        <info>ListItem.Icon</info>
                    </control>
                    <control type="label">
                        <posx>15</posx>
                        <posy>225</posy>
                        <width>450</width>
                        <height>60</height>
                        <aligny>center</aligny>
                        <font>font13</font>
                        <textcolor>white</textcolor>
                        <info>ListItem.Label</info>
                    </control>
                </itemlayout>
                <focusedlayout width="225" height="300">
                    <control type="image">
                        <posx>0</posx>
                        <posy>0</posy>
                        <width>225</width>
                        <height>225</height>
                        <texture>tvg-button-nofocus.png</texture>
                        <visible>!Control.HasFocus(4001)</visible>
                    </control>
                    <control type="image">
                        <posx>0</posx>
                        <posy>0</posy>
                        <width>225</width>
                        <height>225</height>
                        <texture>tvg-button-focus.png</texture>
                        <visible>Control.HasFocus(4001)</visible>
                    </control>
                    <control type="image">
                        <posx>15</posx>
                        <posy>15</posy>
                        <width>195</width>
                        <height>195</height>
                        <info>ListItem.Icon</info>
                    </control>
                    <control type="label">
                        <posx>15</posx>
                        <posy>225</posy>
                        <width>450</width>
                        <height>60</height>
                        <aligny>center</aligny>
                        <font>font13</font>
                        <textcolor>white</textcolor>
                        <info>ListItem.Label</info>
                    </control>
                </focusedlayout>
            </control>
            <control type="label">
                <posx>600</posx>
                <posy>-30</posy>
                <width>1140</width>
                <height>57</height>
                <aligny>center</aligny>
                <font>font13</font>
                <textcolor>white</textcolor>
                <label>Click and Wait to Load</label>
            </control>
            <control type="list" id="4008">
                <posx>600</posx>
                <posy>30</posy>
                <width>450</width>
                <height>720</height>
                <viewtype label="list">list</viewtype>
                <orientation>vertical</orientation>
                <focusposition>7</focusposition>
                <onleft>4001</onleft>
                <onright>4002</onright>
                <itemlayout width="450" height="60">
                    <control type="image">
                        <posx>0</posx>
                        <posy>0</posy>
                        <width>450</width>
                        <height>57</height>
                        <texture>tvg-button-nofocus.png</texture>
                    </control>
                    <control type="label">
                        <posx>24</posx>
                        <posy>0</posy>
                        <width>450</width>
                        <height>57</height>
                        <aligny>center</aligny>
                        <font>font13</font>
                        <textcolor>white</textcolor>
                        <info>ListItem.Label</info>
                    </control>
                </itemlayout>
                <focusedlayout width="450" height="60">
                    <control type="image">
                        <posx>0</posx>
                        <posy>0</posy>
                        <width>450</width>
                        <height>57</height>
                        <texture>tvg-button-focus.png</texture>
                        <visible>true</visible>
                    </control>
                    <control type="label">
                        <posx>24</posx>
                        <posy>0</posy>
                        <width>450</width>
                        <height>57</height>
                        <aligny>center</aligny>
                        <font>font13</font>
                        <textcolor>white</textcolor>
                        <info>ListItem.Label</info>
                        <visible>!Control.HasFocus(4008)</visible>
                    </control>
                    <control type="label">
                        <posx>24</posx>
                        <posy>0</posy>
                        <width>450</width>
                        <height>57</height>
                        <aligny>center</aligny>
                        <font>font13</font>
                        <textcolor>black</textcolor>
                        <info>ListItem.Label</info>
                        <visible>Control.HasFocus(4008)</visible>
                    </control>
                </focusedlayout>
            </control>
            <control type="label" id="4003">
                <description>addon name</description>
                <posx>60</posx>
                <posy>420</posy>
                <width>525</width>
                <height>60</height>
                <label>[B][/B]</label>
                <textcolor>white</textcolor>
            </control>
            <control type="textbox" id="4004">
                <label />
                <description>addon info</description>
                <posx>60</posx>
                <posy>465</posy>
                <width>525</width>
                <height>285</height>
                <font>font12</font>
                <align>left</align>
                <autoscroll time="3600" delay="6000" repeat="6000">true</autoscroll>
                <visible>!Player.HasMedia</visible>
            </control>
            <control type="list" id="4002">
                <posx>1125</posx>
                <posy>30</posy>
                <width>600</width>
                <height>720</height>
                <viewtype label="list">list</viewtype>
                <orientation>vertical</orientation>
                <focusposition>7</focusposition>
                <onleft>4008</onleft>
                <onright>4005</onright>
                <itemlayout width="600" height="60">
                    <control type="image">
                        <posx>0</posx>
                        <posy>0</posy>
                        <width>600</width>
                        <height>57</height>
                        <texture>tvg-button-nofocus.png</texture>
                    </control>
                    <control type="label">
                        <posx>24</posx>
                        <posy>0</posy>
                        <width>600</width>
                        <height>57</height>
                        <aligny>center</aligny>
                        <font>font13</font>
                        <textcolor>white</textcolor>
                        <info>ListItem.Label</info>
                    </control>
                </itemlayout>
                <focusedlayout width="600" height="60">
                    <control type="image">
                        <posx>0</posx>
                        <posy>0</posy>
                        <width>600</width>
                        <height>57</height>
                        <texture>tvg-button-focus.png</texture>
                        <visible>true</visible>
                    </control>
                    <control type="label">
                        <posx>24</posx>
                        <posy>0</posy>
                        <width>600</width>
                        <height>57</height>
                        <aligny>center</aligny>
                        <font>font13</font>
                        <textcolor>white</textcolor>
                        <info>ListItem.Label</info>
                        <visible>!Control.HasFocus(4002)</visible>
                    </control>
                    <control type="label">
                        <posx>24</posx>
                        <posy>0</posy>
                        <width>600</width>
                        <height>57</height>
                        <aligny>center</aligny>
                        <font>font13</font>
                        <textcolor>black</textcolor>
                        <info>ListItem.Label</info>
                        <visible>Control.HasFocus(4002)</visible>
                    </control>
                </focusedlayout>
            </control>
            <control type="button" id="4005">
                <posx>675</posx>
                <posy>795</posy>
                <width>210</width>
                <height>60</height>
                <align>center</align>
                <aligny>center</aligny>
                <font>font13</font>
                <textcolor>white</textcolor>
                <focusedcolor>black</focusedcolor>
                <label>Preview</label>
                <texturefocus>tvg-button-focus.png</texturefocus>
                <texturenofocus>tvg-button-nofocus.png</texturenofocus>
                <onup>104</onup>
                <onleft>4002</onleft>
                <onright>4006</onright>
            </control>
            <control type="button" id="4006">
                <posx>900</posx>
                <posy>795</posy>
                <width>210</width>
                <height>60</height>
                <align>center</align>
                <aligny>center</aligny>
                <font>font13</font>
                <textcolor>white</textcolor>
                <focusedcolor>black</focusedcolor>
                <label>$ADDON[script.tvguide.fullscreen 30605]</label>
                <texturefocus>tvg-button-focus.png</texturefocus>
                <texturenofocus>tvg-button-nofocus.png</texturenofocus>
                <onup>104</onup>
                <onleft>4005</onleft>
                <onright>4007</onright>
            </control>
            <control type="button" id="4007">
                <posx>1125</posx>
                <posy>795</posy>
                <width>210</width>
                <height>60</height>
                <align>center</align>
                <aligny>center</aligny>
                <font>font13</font>
                <textcolor>white</textcolor>
                <focusedcolor>black</focusedcolor>
                <label>$ADDON[script.tvguide.fullscreen 30606]</label>
                <texturefocus>tvg-button-focus.png</texturefocus>
                <texturenofocus>tvg-button-nofocus.png</texturenofocus>
                <onup>104</onup>
                <onleft>4006</onleft>
                <onright>4010</onright>
            </control>
            <control type="button" id="4010">
                <posx>1350</posx>
                <posy>795</posy>
                <width>210</width>
                <height>60</height>
                <align>center</align>
                <aligny>center</aligny>
                <font>font13</font>
                <textcolor>white</textcolor>
                <focusedcolor>black</focusedcolor>
                <label>Alt Stream</label>
                <texturefocus>tvg-button-focus.png</texturefocus>
                <texturenofocus>tvg-button-nofocus.png</texturenofocus>
                <onup>104</onup>
                <onleft>4007</onleft>
                <onright>4009</onright>
            </control>
            <control type="button" id="4009">
                <posx>1575</posx>
                <posy>795</posy>
                <width>240</width>
                <height>60</height>
                <align>center</align>
                <aligny>center</aligny>
                <font>font13</font>
                <textcolor>white</textcolor>
                <focusedcolor>black</focusedcolor>
                <label>Add Folder</label>
                <texturefocus>tvg-button-focus.png</texturefocus>
                <texturenofocus>tvg-button-nofocus.png</texturenofocus>
                <onup>104</onup>
                <onleft>4010</onleft>
            </control>
        </control>
        <control type="image">
            <description>video mount</description>
            <posx>0</posx>
            <posy>366r</posy>
            <width>642</width>
            <height>366</height>
            <texture>grey.png</texture>
            <visible>Player.HasMedia</visible>
        </control>
        <control type="image">
            <description>video background</description>
            <posx>3</posx>
            <posy>363r</posy>
            <width>636</width>
            <height>360</height>
            <texture>black-back.png</texture>
            <visible>Player.HasMedia</visible>
        </control>
        <control type="videowindow">
            <description>video window</description>
            <posx>3</posx>
            <posy>363r</posy>
            <width>636</width>
            <height>360</height>
            <aligny>top</aligny>
            <aspectratio>scale</aspectratio>
            <visible>true</visible>
        </control>
    </controls>
</window>
