<?xml version="1.0" encoding="utf-8"?>
<window type="dialog">
    <allowoverlay>no</allowoverlay>
    <defaultcontrol always="false">4000</defaultcontrol>
    <coordinates>
        <system>1</system>
        <posx>0</posx>
        <posy>0</posy>
    </coordinates>
    <controls>
        <control type="image">
            <posx>0</posx>
            <posy>0</posy>
            <width>1920</width>
            <height>1080</height>
            <texture>black.png</texture>
            <visible>true</visible>
        </control>
        <control type="image">
            <posx>225</posx>
            <posy>150</posy>
            <width>1515</width>
            <height>765</height>
            <texture>menu.png</texture>
            <visible>false</visible>
        </control>
        <control type="image">
            <description>category background</description>
            <posx>15</posx>
            <posy>15</posy>
            <width>330</width>
            <height>1050</height>
            <texture>grey.png</texture>
            <visible>true</visible>
        </control>
        <control type="image">
            <description>category background</description>
            <posx>18</posx>
            <posy>18</posy>
            <width>324</width>
            <height>1044</height>
            <texture>black-back.png</texture>
            <visible>true</visible>
        </control>
        <control type="image">
            <description>top buttons mount</description>
            <posx>412</posx>
            <posy>15</posy>
            <width>330</width>
            <height>1050</height>
            <texture>grey.png</texture>
            <visible>true</visible>
        </control>
        <control type="image">
            <description>top button background</description>
            <posx>416</posx>
            <posy>18</posy>
            <width>324</width>
            <height>1044</height>
            <texture>black-back.png</texture>
            <visible>true</visible>
        </control>
        <control type="button" id="80003">
            <description>add category</description>
            <posx>30</posx>
            <posy>30</posy>
            <width>300</width>
            <height>60</height>
            <texturefocus>tvg-button-focus.png</texturefocus>
            <texturenofocus>tvg-button-nofocus.png</texturenofocus>
            <ondown>7004</ondown>
            <onright>4006</onright>
            <align>center</align>
            <aligny>center</aligny>
            <font>font13</font>
            <textcolor>white</textcolor>
            <focusedcolor>black</focusedcolor>
            <label>Add Category</label>
            <visible>true</visible>
        </control>
        <control type="list" id="7004">
            <description>categories</description>
            <left>30</left>
            <top>98</top>
            <width>1920</width>
            <height>938</height>
            <visible>true</visible>
            <onup>80003</onup>
            <ondown>4006</ondown>
            <onleft>1</onleft>
            <onright>4006</onright>
            <viewtype label="3D list">list</viewtype>
            <orientation>vertical</orientation>
            <itemlayout width="300" height="68">
                <control type="image">
                    <posx>0</posx>
                    <posy>0</posy>
                    <width>300</width>
                    <height>60</height>
                    <texture>tvg-button-nofocus.png</texture>
                    <visible>true</visible>
                </control>
                <control type="label">
                    <left>0</left>
                    <top>0</top>
                    <width>300</width>
                    <height>60</height>
                    <font>font13</font>
                    <align>center</align>
                    <aligny>center</aligny>
                    <textcolor>white</textcolor>
                    <selectedcolor>red</selectedcolor>
                    <info>ListItem.Label</info>
                </control>
            </itemlayout>
            <focusedlayout height="68" width="300">
                <control type="image">
                    <posx>0</posx>
                    <posy>0</posy>
                    <width>300</width>
                    <height>60</height>
                    <texture>tvg-button-focus.png</texture>
                    <visible>true</visible>
                </control>
                <control type="image">
                    <posx>0</posx>
                    <posy>0</posy>
                    <width>300</width>
                    <height>60</height>
                    <texture>tvg-button-focus.png</texture>
                    <visible>Control.HasFocus(7004)</visible>
                </control>
                <control type="label">
                    <left>0</left>
                    <top>0</top>
                    <width>300</width>
                    <height>60</height>
                    <font>font13</font>
                    <align>center</align>
                    <aligny>center</aligny>
                    <textcolor>white</textcolor>
                    <selectedcolor>red</selectedcolor>
                    <info>ListItem.Label</info>
                </control>
                <control type="label">
                    <left>0</left>
                    <top>0</top>
                    <width>300</width>
                    <height>60</height>
                    <font>font13</font>
                    <align>center</align>
                    <aligny>center</aligny>
                    <textcolor>black</textcolor>
                    <selectedcolor>red</selectedcolor>
                    <info>ListItem.Label</info>
                    <visible>Control.HasFocus(7004)</visible>
                </control>
            </focusedlayout>
        </control>
        <control type="image">
            <description>program background</description>
            <posx>810</posx>
            <posy>15</posy>
            <width>1095</width>
            <height>1050</height>
            <texture>grey.png</texture>
            <visible>true</visible>
        </control>
        <control type="image">
            <description>program background</description>
            <posx>813</posx>
            <posy>18</posy>
            <width>1089</width>
            <height>1044</height>
            <texture>black-back.png</texture>
            <visible>true</visible>
        </control>
        <control type="image" id="7002">
            <description>program image</description>
            <posx>832</posx>
            <posy>642</posy>
            <width>1050</width>
            <height>390</height>
            <align>left</align>
            <aligny>top</aligny>
            <aspectratio>keep</aspectratio>
            <texture>-</texture>
            <visible>!Player.HasMedia</visible>
        </control>
        <control type="videowindow">
            <description>program image</description>
            <posx>832</posx>
            <posy>642</posy>
            <width>1050</width>
            <height>390</height>
            <align>left</align>
            <aligny>top</aligny>
            <aspectratio>keep</aspectratio>
        </control>
        <control type="label" id="7001">
            <label />
            <description>program title</description>
            <posx>825</posx>
            <posy>75</posy>
            <width>1065</width>
            <height>75</height>
            <textcolor>white</textcolor>
            <font>font13_title</font>
            <align>left</align>
            <aligny>top</aligny>
        </control>
        <control type="label" id="7003">
            <label></label>
            <description>program date and time</description>
            <posx>1890</posx>
            <posy>75</posy>
            <width>1065</width>
            <height>75</height>
            <textcolor>white</textcolor>
            <font>font13_title</font>
            <align>right</align>
            <aligny>top</aligny>
        </control>
        <control type="label" id="7000">
            <label />
            <description>program description</description>
            <posx>825</posx>
            <posy>120</posy>
            <width>1065</width>
            <height>450</height>
            <textcolor>white</textcolor>
            <font>font13</font>
            <align>left</align>
            <aligny>top</aligny>
            <wrapmultiline>true</wrapmultiline>
        </control>
        <control type="label" id="4101">
            <description>channel title</description>
            <posx>825</posx>
            <posy>15</posy>
            <width>360</width>
            <height>75</height>
            <align>left</align>
            <aligny>center</aligny>
            <font>font13_title</font>
            <textcolor>white</textcolor>
            <visible>true</visible>
            <label>-</label>
        </control>
        <control type="image" id="4100">
            <description>channel logo</description>
            <!--<posx>285</posx>
            <posy>655</posy>
            <width>200</width>
            <height>45</height>-->
            <posx>282r</posx>
            <posy>18</posy>
            <width>264</width>
            <height>60</height>
            <align>center</align>
            <aligny>bottom</aligny>
            <aspectratio>keep</aspectratio>
            <visible>true</visible>
        </control>
        <control type="button" id="4015">
            <texturefocus></texturefocus>
            <texturenofocus></texturenofocus>
            <label></label>
            <description>touch close</description>
            <posx>0</posx>
            <posy>0</posy>
            <width>1920</width>
            <height>1080</height>
            <onup></onup>
            <ondown></ondown>
            <onleft></onleft>
            <align>center</align>
            <aligny>center</aligny>
            <font>font13</font>
            <textcolor>white</textcolor>
            <focusedcolor>black</focusedcolor>
            <visible>true</visible>
        </control>
        <control type="button" id="4006">
            <!-- super favourites -->
            <posx>428</posx>
            <posy>30</posy>
            <width>300</width>
            <height>60</height>
            <texturefocus>tvg-button-focus.png</texturefocus>
            <texturenofocus>tvg-button-nofocus.png</texturenofocus>
            <onup>7004</onup>
            <ondown>4005</ondown>
            <onleft>7004</onleft>
            <align>center</align>
            <aligny>center</aligny>
            <font>font13</font>
            <textcolor>white</textcolor>
            <focusedcolor>black</focusedcolor>
            <label>iSearch</label>
        </control>
        <control type="button" id="4005">
            <!-- watch from beginning -->
            <description>catchup addon</description>
            <posx>428</posx>
            <posy>98</posy>
            <width>300</width>
            <height>60</height>
            <texturefocus>tvg-button-focus.png</texturefocus>
            <texturenofocus>tvg-button-nofocus.png</texturenofocus>
            <onup>4006</onup>
            <ondown>4013</ondown>
            <onleft>7004</onleft>
            <align>center</align>
            <aligny>center</aligny>
            <font>font13</font>
            <textcolor>white</textcolor>
            <focusedcolor>black</focusedcolor>
            <label>Catchup</label>
        </control>
        <control type="button" id="4013">
            <description>Extended Info</description>
            <posx>428</posx>
            <posy>165</posy>
            <width>300</width>
            <height>60</height>
            <texturefocus>tvg-button-focus.png</texturefocus>
            <texturenofocus>tvg-button-nofocus.png</texturenofocus>
            <onup>4005</onup>
            <ondown>4011</ondown>
            <onleft>7004</onleft>
            <align>center</align>
            <aligny>center</aligny>
            <font>font13</font>
            <textcolor>white</textcolor>
            <focusedcolor>black</focusedcolor>
            <label>Extended Info</label>
            <visible>true</visible>
        </control>
        <control type="button" id="4011">
            <description>Lists</description>
            <posx>428</posx>
            <posy>232</posy>
            <width>300</width>
            <height>60</height>
            <texturefocus>tvg-button-focus.png</texturefocus>
            <texturenofocus>tvg-button-nofocus.png</texturenofocus>
            <onup>4013</onup>
            <ondown>4002</ondown>
            <onleft>7004</onleft>
            <align>center</align>
            <aligny>center</aligny>
            <font>font13</font>
            <textcolor>white</textcolor>
            <focusedcolor>black</focusedcolor>
            <visible>true</visible>
            <label>Lists</label>
        </control>
        <control type="button" id="4002">
            <!-- REMINDER -->
            <posx>428</posx>
            <posy>300</posy>
            <width>300</width>
            <height>60</height>
            <texturefocus>tvg-button-focus.png</texturefocus>
            <texturenofocus>tvg-button-nofocus.png</texturenofocus>
            <onup>4011</onup>
            <ondown>4008</ondown>
            <onleft>7004</onleft>
            <align>center</align>
            <aligny>center</aligny>
            <font>font13</font>
            <textcolor>white</textcolor>
            <focusedcolor>black</focusedcolor>
            <label>Remind</label>
        </control>
        <control type="button" id="4008">
            <description>autoplay</description>
            <posx>428</posx>
            <posy>368</posy>
            <width>300</width>
            <height>60</height>
            <texturefocus>tvg-button-focus.png</texturefocus>
            <texturenofocus>tvg-button-nofocus.png</texturenofocus>
            <onup>4002</onup>
            <ondown>4009</ondown>
            <onleft>7004</onleft>
            <align>center</align>
            <aligny>center</aligny>
            <font>font13</font>
            <textcolor>white</textcolor>
            <focusedcolor>black</focusedcolor>
            <label>AutoPlay</label>
        </control>
        <control type="button" id="4009">
            <description>autoplaywith</description>
            <posx>428</posx>
            <posy>435</posy>
            <width>300</width>
            <height>60</height>
            <texturefocus>tvg-button-focus.png</texturefocus>
            <texturenofocus>tvg-button-nofocus.png</texturenofocus>
            <onup>4008</onup>
            <ondown>4001</ondown>
            <onleft>7004</onleft>
            <align>center</align>
            <aligny>center</aligny>
            <font>font13</font>
            <textcolor>white</textcolor>
            <focusedcolor>black</focusedcolor>
            <label>AutoPlayWith</label>
        </control>
        <control type="button" id="4001">
            <!-- Choose Stream -->
            <posx>428</posx>
            <posy>502</posy>
            <width>300</width>
            <height>60</height>
            <texturefocus>tvg-button-focus.png</texturefocus>
            <texturenofocus>tvg-button-nofocus.png</texturenofocus>
            <onup>4009</onup>
            <ondown>4007</ondown>
            <onleft>7004</onleft>
            <align>center</align>
            <aligny>center</aligny>
            <font>font13</font>
            <textcolor>white</textcolor>
            <focusedcolor>black</focusedcolor>
            <label>Choose Stream</label>
        </control>
        <control type="button" id="4007">
            <!-- Stream Setup -->
            <posx>428</posx>
            <posy>570</posy>
            <width>300</width>
            <height>60</height>
            <texturefocus>tvg-button-focus.png</texturefocus>
            <texturenofocus>tvg-button-nofocus.png</texturenofocus>
            <onup>4001</onup>
            <ondown>4014</ondown>
            <onleft>7004</onleft>
            <align>center</align>
            <aligny>center</aligny>
            <font>font13</font>
            <textcolor>white</textcolor>
            <focusedcolor>black</focusedcolor>
            <label>Stream Setup</label>
        </control>
        <control type="button" id="4014">
            <description>Choose Alt Stream</description>
            <posx>428</posx>
            <posy>638</posy>
            <width>300</width>
            <height>60</height>
            <texturefocus>tvg-button-focus.png</texturefocus>
            <texturenofocus>tvg-button-nofocus.png</texturenofocus>
            <onup>4007</onup>
            <ondown>4003</ondown>
            <onleft>7004</onleft>
            <align>center</align>
            <aligny>center</aligny>
            <font>font13</font>
            <textcolor>white</textcolor>
            <focusedcolor>black</focusedcolor>
            <label>Add Alt Stream</label>
            <visible>true</visible>
        </control>
        <control type="label">
            <!-- Choose Stream Text -->
            <posx>30</posx>
            <posy>638</posy>
            <width>300</width>
            <height>300</height>
            <font>font13</font>
            <textcolor>white</textcolor>
            <label>$ADDON[script.tvguide.fullscreen 30305]</label>
            <wrapmultiline>true</wrapmultiline>
            <visible>false</visible>
        </control>
        <control type="label" id="4102">
            <!-- Show Title -->
            <posx>30</posx>
            <posy>705</posy>
            <width>300</width>
            <height>60</height>
            <align>center</align>
            <aligny>center</aligny>
            <font>font13</font>
            <textcolor>white</textcolor>
            <visible>false</visible>
        </control>
        <control type="button" id="4003">
            <!-- CHANNELS -->
            <posx>428</posx>
            <posy>705</posy>
            <width>300</width>
            <height>60</height>
            <texturefocus>tvg-button-focus.png</texturefocus>
            <texturenofocus>tvg-button-nofocus.png</texturenofocus>
            <onup>4014</onup>
            <ondown>4000</ondown>
            <onleft>7004</onleft>
            <align>center</align>
            <aligny>center</aligny>
            <font>font13</font>
            <textcolor>white</textcolor>
            <focusedcolor>black</focusedcolor>
            <label>$ADDON[script.tvguide.fullscreen 30307]</label>
        </control>
        <control type="button" id="4000">
            <!-- Watch Stream -->
            <posx>428</posx>
            <posy>772</posy>
            <width>300</width>
            <height>60</height>
            <texturefocus>tvg-button-focus.png</texturefocus>
            <texturenofocus>tvg-button-nofocus.png</texturenofocus>
            <onup>4003</onup>
            <ondown>4012</ondown>
            <onleft>7004</onleft>
            <align>center</align>
            <aligny>center</aligny>
            <font>font13</font>
            <textcolor>white</textcolor>
            <focusedcolor>black</focusedcolor>
            <visible>true</visible>
        </control>
        <control type="button" id="4012">
            <description>simple favourites</description>
            <posx>428</posx>
            <posy>840</posy>
            <width>300</width>
            <height>60</height>
            <texturefocus>tvg-button-focus.png</texturefocus>
            <texturenofocus>tvg-button-nofocus.png</texturenofocus>
            <onup>4000</onup>
            <ondown>4016</ondown>
            <onleft>7004</onleft>
            <align>center</align>
            <aligny>center</aligny>
            <font>font13</font>
            <textcolor>white</textcolor>
            <focusedcolor>black</focusedcolor>
            <label>Favourites</label>
            <visible>true</visible>
        </control>
        <control type="button" id="4016">
            <!-- vod -->
            <posx>428</posx>
            <posy>908</posy>
            <width>300</width>
            <height>60</height>
            <texturefocus>tvg-button-focus.png</texturefocus>
            <texturenofocus>tvg-button-nofocus.png</texturenofocus>
            <onup>4012</onup>
            <ondown>4004</ondown>
            <onleft>7004</onleft>
            <align>center</align>
            <aligny>center</aligny>
            <font>font13</font>
            <textcolor>white</textcolor>
            <focusedcolor>black</focusedcolor>
            <label>VOD</label>
            <visible>true</visible>
        </control>
        <control type="button" id="4004">
            <!-- QUIT -->
            <posx>428</posx>
            <posy>975</posy>
            <width>300</width>
            <height>75</height>
            <texturefocus>tvg-button-focus.png</texturefocus>
            <texturenofocus>tvg-button-nofocus.png</texturenofocus>
            <onup>4016</onup>
            <ondown>4004</ondown>
            <onleft>7004</onleft>
            <align>center</align>
            <aligny>center</aligny>
            <font>font13</font>
            <textcolor>white</textcolor>
            <focusedcolor>black</focusedcolor>
            <label>$ADDON[script.tvguide.fullscreen 30308]</label>
            <visible>true</visible>
        </control>
        <control type="button" id="80000">
            <!-- MY MOVIES -->
            <posx>428</posx>
            <posy>654</posy>
            <width>300</width>
            <height>60</height>
            <texturefocus>tvg-button-focus.png</texturefocus>
            <texturenofocus>tvg-button-nofocus.png</texturenofocus>
            <onup>4002</onup>
            <ondown>80001</ondown>
            <onleft>7004</onleft>
            <align>center</align>
            <aligny>center</aligny>
            <font>font13</font>
            <textcolor>white</textcolor>
            <label>$ADDON[script.tvguide.fullscreen 80000]</label>
            <visible>false</visible>
        </control>
        <control type="button" id="80001">
            <!-- MY TV SHOWS -->
            <posx>428</posx>
            <posy>732</posy>
            <width>300</width>
            <height>60</height>
            <texturefocus>tvg-button-focus.png</texturefocus>
            <texturenofocus>tvg-button-nofocus.png</texturenofocus>
            <onup>80000</onup>
            <ondown>80002</ondown>
            <onleft>7004</onleft>
            <align>center</align>
            <aligny>center</aligny>
            <font>font13</font>
            <textcolor>white</textcolor>
            <focusedcolor>black</focusedcolor>
            <label>$ADDON[script.tvguide.fullscreen 80001]</label>
            <visible>false</visible>
        </control>
        <control type="button" id="80002">
            <!-- VIDEO ADDONS -->
            <posx>428</posx>
            <posy>810</posy>
            <width>300</width>
            <height>60</height>
            <texturefocus>tvg-button-focus.png</texturefocus>
            <texturenofocus>tvg-button-nofocus.png</texturenofocus>
            <onup>80001</onup>
            <ondown>4006</ondown>
            <onleft>7004</onleft>
            <align>center</align>
            <aligny>center</aligny>
            <font>font13</font>
            <textcolor>white</textcolor>
            <focusedcolor>black</focusedcolor>
            <label>$ADDON[script.tvguide.fullscreen 80002]</label>
            <visible>false</visible>
        </control>
        <control type="button" id="80004">
            <!-- QUIT -->
            <posx>428</posx>
            <posy>990</posy>
            <width>300</width>
            <height>60</height>
            <texturefocus>tvg-button-focus.png</texturefocus>
            <texturenofocus>tvg-button-nofocus.png</texturenofocus>
            <onup>4003</onup>
            <ondown>80000</ondown>
            <onleft>7004</onleft>
            <align>center</align>
            <aligny>center</aligny>
            <font>font13</font>
            <textcolor>white</textcolor>
            <focusedcolor>black</focusedcolor>
            <label>Remove Category</label>
            <visible>false</visible>
        </control>
        <control type="button" id="4017">
            <description>catchup addon</description>
            <posx>30</posx>
            <posy>975</posy>
            <width>300</width>
            <height>75</height>
            <texturefocus>tvg-button-focus.png</texturefocus>
            <texturenofocus>tvg-button-nofocus.png</texturenofocus>
            <onup>4016</onup>
            <ondown>4004</ondown>
            <onleft>7004</onleft>
            <align>center</align>
            <aligny>center</aligny>
            <font>font13</font>
            <textcolor>white</textcolor>
            <focusedcolor>black</focusedcolor>
            <label>Catchup Addon</label>
            <visible>false</visible>
        </control>
        <control type="image" id="4025">
            <description>Addon Logo</description>
            <posx>1748</posx>
            <posy>908</posy>
            <width>150</width>
            <height>150</height>
            <aspectratio>keep</aspectratio>
            <align>left</align>
            <texture>-</texture>
            <visible>true</visible>
        </control>
        <control type="label" id="4026">
            <label></label>
            <description>Addon Name</description>
            <posx>825</posx>
            <posy>1020</posy>
            <width>300</width>
            <height>30</height>
            <align>left</align>
            <aligny>top</aligny>
            <font>font13_title</font>
            <textcolor>white</textcolor>
            <shadowcolor>black</shadowcolor>
            <scroll>true</scroll>
        </control>
    </controls>
</window>
