<?xml version="1.0" encoding="utf-8"?>
<window type="dialog">
    <allowoverlay>no</allowoverlay>
    <defaultcontrol always="true">6000</defaultcontrol>
    <coordinates>
        <system>1</system>
        <posx>0</posx>
        <posy>0</posy>
    </coordinates>
    <controls>
        <control type="label" id="6001">
            <description>visibility marker for selection box</description>
        </control>
        <control type="image">
            <posx>0</posx>
            <posy>0</posy>
            <width>1920</width>
            <height>1080</height>
            <texture>black-back.png</texture>
        </control>
        <control type="image">
            <posx>0</posx>
            <posy>0</posy>
            <width>1920</width>
            <height>1080</height>
            <texture>black-back.png</texture>
        </control>
        <control type="image">
            <description>main mount</description>
            <posx>15</posx>
            <posy>15</posy>
            <width>1890</width>
            <height>1050</height>
            <texture>grey.png</texture>
            <visible>true</visible>
        </control>
        <control type="image">
            <description>main background</description>
            <posx>18</posx>
            <posy>18</posy>
            <width>1884</width>
            <height>1044</height>
            <texture>black-back.png</texture>
            <visible>true</visible>
        </control>
        <control type="group">
            <posx>60</posx>
            <posy>570</posy>
            <width>900</width>
            <height>60</height>
            <visible>!Control.IsVisible(6001)</visible>
            <animation type="Visible">
                <effect type="slide" start="675,0" end="0,0" time="500" />
            </animation>
            <animation type="Hidden">
                <effect type="slide" start="0,0" end="675,0" time="500" />
            </animation>
            <control type="image">
                <posx>0</posx>
                <posy>30</posy>
                <width>900</width>
                <height>60</height>
                <texture>tvguide-glasspane.png</texture>
            </control>
            <control type="image">
                <posx>0</posx>
                <posy>30</posy>
                <width>900</width>
                <height>60</height>
                <texture>tvguide-glasspane.png</texture>
            </control>
            <control type="image">
                <posx>18</posx>
                <posy>30</posy>
                <width>24</width>
                <height>60</height>
                <texture>tvguide-channel-updownarrow.png</texture>
            </control>
            <control type="image">
                <posx>60</posx>
                <posy>30</posy>
                <width>840</width>
                <height>57</height>
            </control>
            <control type="button" id="6002">
                <posx>60</posx>
                <posy>30</posy>
                <width>840</width>
                <height>57</height>
                <aligny>center</aligny>
                <font>font13</font>
                <textcolor>white</textcolor>
                <label>text</label>
                <texturefocus>tvg-button-focus.png</texturefocus>
                <texturenofocus>tvg-button-nofocus.png</texturenofocus>
            </control>
            <control type="label">
                <posx>60</posx>
                <posy>105</posy>
                <width>840</width>
                <height>90</height>
                <font>font13</font>
                <textcolor>white</textcolor>
                <visible>false</visible>
                <label>$ADDON[script.tvguide.fullscreen 30501]</label>
            </control>
        </control>
        <control type="label">
            <posx>75</posx>
            <posy>120</posy>
            <width>780</width>
            <height>60</height>
            <align>left</align>
            <aligny>center</aligny>
            <font>font13_title</font>
            <textcolor>white</textcolor>
            <label>$ADDON[script.tvguide.fullscreen 30500]</label>
        </control>
        <control type="label">
            <description>Help and Tips</description>
            <posx>75</posx>
            <posy>240</posy>
            <width>750</width>
            <height>600</height>
            <textcolor>white</textcolor>
            <font>font13</font>
            <align>left</align>
            <aligny>top</aligny>
            <wrapmultiline>true</wrapmultiline>
            <label>$ADDON[script.tvguide.fullscreen 30501]</label>
        </control>
        <control type="fixedlist" id="6000">
            <posx>960</posx>
            <posy>60</posy>
            <width>900</width>
            <height>900</height>
            <viewtype label="list">list</viewtype>
            <orientation>vertical</orientation>
            <focusposition>9</focusposition>
            <onright>6006</onright>
            <itemlayout width="900" height="60">
                <control type="image">
                    <posx>0</posx>
                    <posy>0</posy>
                    <width>900</width>
                    <height>57</height>
                    <texture>tvg-button-nofocus.png</texture>
                </control>
                <control type="label">
                    <posx>30</posx>
                    <posy>0</posy>
                    <width>870</width>
                    <height>57</height>
                    <aligny>center</aligny>
                    <font>font13</font>
                    <textcolor>white</textcolor>
                    <info>ListItem.Label</info>
                </control>
                <control type="image">
                    <posx>540</posx>
                    <posy>0</posy>
                    <width>150</width>
                    <height>57</height>
                    <aspectratio>keep</aspectratio>
                    <info>ListItem.Art(banner)</info>
                </control>
                <control type="image">
                    <posx>840</posx>
                    <posy>0</posy>
                    <width>60</width>
                    <height>60</height>
                    <info>ListItem.Icon</info>
                </control>
            </itemlayout>
            <focusedlayout width="900" height="60">
                <control type="image">
                    <posx>0</posx>
                    <posy>0</posy>
                    <width>900</width>
                    <height>57</height>
                    <texture>tvg-button-nofocus.png</texture>
                    <visible>!Control.HasFocus(6000)</visible>
                </control>
                <control type="image">
                    <posx>0</posx>
                    <posy>0</posy>
                    <width>900</width>
                    <height>57</height>
                    <texture>tvg-button-focus.png</texture>
                    <visible>Control.HasFocus(6000)</visible>
                </control>
                <control type="image">
                    <posx>12</posx>
                    <posy>0</posy>
                    <width>18</width>
                    <height>60</height>
                    <texture>tvguide-channel-leftarrow.png</texture>
                </control>
                <control type="label">
                    <posx>30</posx>
                    <posy>0</posy>
                    <width>870</width>
                    <height>57</height>
                    <aligny>center</aligny>
                    <font>font13</font>
                    <textcolor>white</textcolor>
                    <label>[B]$INFO[ListItem.Label][/B]</label>
                </control>
                <control type="image">
                    <posx>540</posx>
                    <posy>0</posy>
                    <width>150</width>
                    <height>57</height>
                    <aspectratio>keep</aspectratio>
                    <info>ListItem.Art(banner)</info>
                </control>
                <control type="image">
                    <posx>840</posx>
                    <posy>0</posy>
                    <width>60</width>
                    <height>60</height>
                    <info>ListItem.Icon</info>
                </control>
            </focusedlayout>
        </control>
        <control type="button" id="6006">
            <posx>450</posx>
            <posy>990</posy>
            <width>255</width>
            <height>60</height>
            <align>center</align>
            <aligny>center</aligny>
            <font>font13</font>
            <textcolor>white</textcolor>
            <focusedcolor>black</focusedcolor>
            <label>Logos</label>
            <texturefocus>tvg-button-focus.png</texturefocus>
            <texturenofocus>tvg-button-nofocus.png</texturenofocus>
            <onleft>6000</onleft>
            <onright>6005</onright>
            <onup>6000</onup>
        </control>
        <control type="button" id="6005">
            <posx>750</posx>
            <posy>990</posy>
            <width>255</width>
            <height>60</height>
            <align>center</align>
            <aligny>center</aligny>
            <font>font13</font>
            <textcolor>white</textcolor>
            <focusedcolor>black</focusedcolor>
            <label>Logo</label>
            <texturefocus>tvg-button-focus.png</texturefocus>
            <texturenofocus>tvg-button-nofocus.png</texturenofocus>
            <onleft>6006</onleft>
            <onright>6003</onright>
            <onup>6000</onup>
        </control>
        <control type="button" id="6003">
            <posx>1050</posx>
            <posy>990</posy>
            <width>255</width>
            <height>60</height>
            <align>center</align>
            <aligny>center</aligny>
            <font>font13</font>
            <textcolor>white</textcolor>
            <focusedcolor>black</focusedcolor>
            <label>$ADDON[script.tvguide.fullscreen 30502]</label>
            <texturefocus>tvg-button-focus.png</texturefocus>
            <texturenofocus>tvg-button-nofocus.png</texturenofocus>
            <onleft>6005</onleft>
            <onright>6004</onright>
            <onup>6000</onup>
        </control>
        <control type="button" id="6004">
            <posx>1350</posx>
            <posy>990</posy>
            <width>255</width>
            <height>60</height>
            <align>center</align>
            <aligny>center</aligny>
            <font>font13</font>
            <textcolor>white</textcolor>
            <focusedcolor>black</focusedcolor>
            <label>$ADDON[script.tvguide.fullscreen 30503]</label>
            <texturefocus>tvg-button-focus.png</texturefocus>
            <texturenofocus>tvg-button-nofocus.png</texturenofocus>
            <onleft>6003</onleft>
            <onright>6000</onright>
            <onup>6000</onup>
        </control>
    </controls>
</window>
