<?xml version="1.0" encoding="utf-8"?>
<window type="dialog">
    <allowoverlay>no</allowoverlay>
    <defaultcontrol always="true">7004</defaultcontrol>
    <coordinates>
        <system>1</system>
        <posx>0</posx>
        <posy>0</posy>
    </coordinates>
    <controls>
        <control type="image" id="7000">
            <posx>0</posx>
            <posy>0</posy>
            <width>1280</width>
            <height>30</height>
            <texture>white.png</texture>
            <visible>true</visible>
        </control>
        <control type="button" id="7003">
            <label></label>
            <description>quit</description>
            <posx>0</posx>
            <posy>0</posy>
            <width>1280</width>
            <height>720</height>
            <font>font13</font>
            <aligny>center</aligny>
            <align>center</align>
            <textcolor>grey</textcolor>
            <focusedcolor>black</focusedcolor>
            <texturefocus>tvg-transparent.png</texturefocus>
            <texturenofocus>tvg-transparent.png</texturenofocus>
        </control>
        <control type="list" id="7004">
            <description>categories</description>
            <left>0</left>
            <top>0</top>
            <width>1280</width>
            <height>30</height>
            <visible>true</visible>
            <onup></onup>
            <ondown></ondown>
            <onleft></onleft>
            <onright></onright>
            <viewtype label="3D list">list</viewtype>
            <orientation>horizontal</orientation>
            <itemlayout width="160" height="30">
                <control type="image">
                    <posx>1</posx>
                    <posy>2</posy>
                    <width>158</width>
                    <height>26</height>
                    <texture>black-back.png</texture>
                    <visible>true</visible>
                </control>
                <control type="label">
                    <left>0</left>
                    <top>2</top>
                    <width>160</width>
                    <height>26</height>
                    <font>font13</font>
                    <align>center</align>
                    <aligny>center</aligny>
                    <textcolor>white</textcolor>
                    <selectedcolor>blue</selectedcolor>
                    <info>ListItem.Label</info>
                </control>
            </itemlayout>
            <focusedlayout width="160" height="30">
                <control type="image">
                    <posx>1</posx>
                    <posy>2</posy>
                    <width>158</width>
                    <height>26</height>
                    <texture>tvg-program-focus.png</texture>
                    <visible>true</visible>
                </control>
                <control type="label">
                    <left>0</left>
                    <top>2</top>
                    <width>160</width>
                    <height>26</height>
                    <font>font13</font>
                    <align>center</align>
                    <aligny>center</aligny>
                    <textcolor>black</textcolor>
                    <selectedcolor>yellow</selectedcolor>
                    <info>ListItem.Label</info>
                </control>
            </focusedlayout>
        </control>
    </controls>
</window>
