<?xml version="1.0" encoding="UTF-8"?>
<fonts>
    <!-- Confluence and Estuary common Fonts -->
    <!-- Confluence # the fonts listed -->
    <!--<fontset id="Default" idloc="31390">-->
    <!-- Estuary -->
    <!--<fontset id="Default" idloc="15109">-->
    <fontset id="Default" idloc="31390">
        <font>
            <name>font10</name>
            <filename>Roboto-Regular.ttf</filename>
            <size>14</size>
        </font>
        <font>
            <name>font12</name>
            <filename>Roboto-Regular.ttf</filename>
            <size>17</size>
        </font>
        <font>
            <name>font13</name>
            <filename>Roboto-Regular.ttf</filename>
            <size>20</size>
        </font>
        <font>
            <name>font14</name>
            <filename>Roboto-Regular.ttf</filename>
            <size>22</size>
        </font>
        <font>
            <name>font30_title</name>
            <filename>Roboto-Bold.ttf</filename>
            <size>30</size>
        </font>
        <font>
            <name>font_MainMenu</name>
            <filename>Roboto-Bold.ttf</filename>
            <size>40</size>
        </font>
        <!--
        <font>
            <name>TVGuide35</name>
            <filename>Muli-ExtraBold.ttf</filename>
            <size>35</size>
        </font>
        <font>
            <name>TVGuide32</name>
            <filename>Muli-ExtraBold.ttf</filename>
            <size>32</size>
        </font>
        <font>
            <name>TVGuide32_textbox</name>
            <filename>Muli-ExtraBold.ttf</filename>
            <size>32</size>
            <linespacing>1.18</linespacing>
        </font>
        <font>
            <name>TVGuide31_textbox</name>
            <filename>Muli-ExtraBold.ttf</filename>
            <size>31</size>
            <linespacing>1.2</linespacing>
        </font>
        <font>
            <name>TVGuide30_textbox</name>
            <filename>Muli-ExtraBold.ttf</filename>
            <size>30</size>
            <linespacing>1.18</linespacing>
        </font>
        <font>
            <name>TVGuide29</name>
            <filename>Muli-ExtraBold.ttf</filename>
            <size>29</size>
        </font>
        <font>
            <name>TVGuide26_textbox</name>
            <filename>Muli-ExtraBold.ttf</filename>
            <size>26</size>
            <linespacing>1.1</linespacing>
        </font>
        -->
    </fontset>
</fonts>
