<?xml version="1.0" encoding="utf-8"?>
<!-- # Languages disabled -->
<!-- Extra - skin.py 20 Refresh subs -->
<!--
    C_STREAM_STRM_TAB = 101
    C_STREAM_FAVOURITES_TAB = 102
    C_STREAM_ADDONS_TAB = 103
    C_STREAM_BROWSE_TAB = 104
    C_STREAM_STRM_BROWSE = 1001
    C_STREAM_STRM_FILE_LABEL = 1005
    C_STREAM_STRM_PREVIEW = 1002
    C_STREAM_STRM_OK = 1003
    C_STREAM_STRM_CANCEL = 1004
    C_STREAM_STRM_IMPORT = 1006
    C_STREAM_STRM_PVR = 1007
    C_STREAM_STRM_CATCHUP = 1008
    C_STREAM_STRM_CLEAR_ALT = 1009
    C_STREAM_FAVOURITES = 2001
    C_STREAM_FAVOURITES_PREVIEW = 2002
    C_STREAM_FAVOURITES_OK = 2003
    C_STREAM_FAVOURITES_CANCEL = 2004
    C_STREAM_FAVOURITES_ALT = 2005
    C_STREAM_ADDONS = 3001
    C_STREAM_ADDONS_STREAMS = 3002
    C_STREAM_ADDONS_NAME = 3003
    C_STREAM_ADDONS_DESCRIPTION = 3004
    C_STREAM_ADDONS_PREVIEW = 3005
    C_STREAM_ADDONS_OK = 3006
    C_STREAM_ADDONS_CANCEL = 3007
    C_STREAM_ADDONS_ALT = 3009
    C_STREAM_BROWSE_ADDONS = 4001
    C_STREAM_BROWSE_STREAMS = 4002
    C_STREAM_BROWSE_NAME = 4003
    C_STREAM_BROWSE_DESCRIPTION = 4004
    C_STREAM_BROWSE_PREVIEW = 4005
    C_STREAM_BROWSE_OK = 4006
    C_STREAM_BROWSE_CANCEL = 4007
    C_STREAM_BROWSE_DIRS = 4008
    C_STREAM_BROWSE_FOLDER = 4009
    C_STREAM_BROWSE_ALT = 4010
    C_STREAM_CHANNEL_LOGO = 4023
    C_STREAM_CHANNEL_LABEL = 4024
    C_STREAM_ADDON_LOGO = 4025
    C_STREAM_ADDON_LABEL = 4026
    C_STREAM_VISIBILITY_MARKER = 100
-->
<window type="dialog">
    <allowoverlay>no</allowoverlay>
    <defaultcontrol always="false">101</defaultcontrol>
    <coordinates>
        <system>1</system>
        <posx>0</posx>
        <posy>0</posy>
    </coordinates>
    <controls>
        <!-- # tabs visibility marker hidden -->
        <control type="label" id="100">
            <description>tabs visibility marker</description>
            <visible>false</visible>
        </control>
        <!-- # Backgrounds -->
        <control type="image">
            <posx>0</posx>
            <posy>0</posy>
            <width>1280</width>
            <height>720</height>
            <texture>black.png</texture>
            <visible>true</visible>
        </control>
        <control type="image">
            <posx>1280</posx>
            <posy>720</posy>
            <width>-346</width>
            <height>-203</height>
            <texture>video-mask.png</texture>
            <visible>false</visible>
        </control>
        <control type="image">
            <posx>1280</posx>
            <posy>720</posy>
            <width>-346</width>
            <height>-203</height>
            <texture>video-mask.png</texture>
            <visible>false</visible>
        </control>
        <control type="image">
            <description>top buttons mount</description>
            <posx>10</posx>
            <posy>30</posy>
            <width>1260</width>
            <height>60</height>
            <texture>grey.png</texture>
            <visible>true</visible>
        </control>
        <control type="image">
            <description>top button background</description>
            <posx>12</posx>
            <posy>32</posy>
            <width>1256</width>
            <height>56</height>
            <texture>black-back.png</texture>
            <visible>true</visible>
        </control>
        <control type="image">
            <description>bottom buttons mount</description>
            <posx>10</posx>
            <posy>640</posy>
            <width>1260</width>
            <height>60</height>
            <texture>grey.png</texture>
            <visible>true</visible>
        </control>
        <control type="image">
            <description>bottom buttons background</description>
            <posx>12</posx>
            <posy>642</posy>
            <width>1256</width>
            <height>56</height>
            <texture>black-back.png</texture>
            <visible>true</visible>
        </control>
        <control type="image">
            <description>main mount</description>
            <posx>10</posx>
            <posy>100</posy>
            <width>1260</width>
            <height>530</height>
            <texture>backgrounds/background.png</texture>
            <visible>true</visible>
        </control>
        <!--
        <control type="image">
            <description>main background</description>
            <posx>12</posx>
            <posy>102</posy>
            <width>1256</width>
            <height>526</height>
            <texture>black-back.png</texture>
            <visible>true</visible>
        </control>
        -->
        <!-- # Video window preview -->
        <control type="videowindow">
            <description>video window</description>
            <posx>2</posx>
            <posy>450</posy>
            <width>324</width>
            <height>170</height>
            <aligny>top</aligny>
            <aspectratio>scale</aspectratio>
            <visible>true</visible>
        </control>
        <!-- # Channel Logo -->
        <control type="image" id="4023">
            <description>Channel Logo</description>
            <posx>20</posx>
            <posy>40</posy>
            <width>170</width>
            <height>40</height>
            <aspectratio>keep</aspectratio>
            <align>left</align>
            <texture>-</texture>
            <visible>true</visible>
        </control>
        <!-- # Channel Name -->
        <control type="label" id="4024">
            <label />
            <description>Channel Name</description>
            <posx>200</posx>
            <posy>40</posy>
            <width>170</width>
            <height>40</height>
            <align>left</align>
            <aligny>center</aligny>
            <font>font30_title</font>
            <textcolor>white</textcolor>
            <scroll>true</scroll>
        </control>
        <!-- # Addon Logo -->
        <control type="image" id="4025">
            <description>Addon Logo</description>
            <posx>20</posx>
            <posy>645</posy>
            <width>170</width>
            <height>50</height>
            <aspectratio>keep</aspectratio>
            <align>left</align>
            <texture>-</texture>
            <visible>true</visible>
        </control>
        <!-- # Addon Name -->
        <control type="label" id="4026">
            <label></label>
            <description>Addon Name</description>
            <posx>200</posx>
            <posy>650</posy>
            <width>240</width>
            <height>40</height>
            <align>left</align>
            <aligny>center</aligny>
            <font>font30_title</font>
            <textcolor>white</textcolor>
            <scroll>true</scroll>
        </control>
        <!-- # top Set Up Stream Text -->
        <control type="label">
            <description>Set Up Stream Text</description>
            <posx>40</posx>
            <posy>80</posy>
            <width>500</width>
            <height>40</height>
            <label>[B]Setup Stream[/B]</label>
            <!--<label>$ADDON[script.tvguide.fullscreen 30600]</label>-->
            <align>left</align>
            <visible>false</visible>
        </control>
        <!-- # top strm m3u pvr -->
        <control type="button" id="101">
            <posx>430</posx>
            <posy>40</posy>
            <width>190</width>
            <height>40</height>
            <align>center</align>
            <aligny>center</aligny>
            <textcolor>white</textcolor>
            <focusedcolor>black</focusedcolor>
            <label>strm|m3u|pvr</label>
            <texturefocus>tvg-button-focus.png</texturefocus>
            <texturenofocus>tvg-button-nofocus.png</texturenofocus>
            <onleft>104</onleft>
            <onright>102</onright>
            <ondown>1001</ondown>
        </control>
        <!-- # top Favourites -->
        <control type="button" id="102">
            <posx>650</posx>
            <posy>40</posy>
            <width>170</width>
            <height>40</height>
            <align>center</align>
            <aligny>center</aligny>
            <textcolor>white</textcolor>
            <focusedcolor>black</focusedcolor>
            <label>Favourites</label>
            <!--<label>$ADDON[script.tvguide.fullscreen 30602]</label>-->
            <texturefocus>tvg-button-focus.png</texturefocus>
            <texturenofocus>tvg-button-nofocus.png</texturenofocus>
            <onleft>101</onleft>
            <onright>103</onright>
            <ondown>2001</ondown>
        </control>
        <!-- # top addons addons.ini -->
        <control type="button" id="103">
            <posx>850</posx>
            <posy>40</posy>
            <width>170</width>
            <height>40</height>
            <align>center</align>
            <aligny>center</aligny>
            <textcolor>white</textcolor>
            <focusedcolor>black</focusedcolor>
            <label>addons.ini</label>
            <!--<label>Addons</label>-->
            <!--<label>$ADDON[script.tvguide.fullscreen 30603]</label>-->
            <texturefocus>tvg-button-focus.png</texturefocus>
            <texturenofocus>tvg-button-nofocus.png</texturenofocus>
            <onleft>102</onleft>
            <onright>104</onright>
            <ondown>3001</ondown>
        </control>
        <!-- # top Subscribe -->
        <control type="button" id="104">
            <posx>1050</posx>
            <posy>40</posy>
            <width>170</width>
            <height>40</height>
            <align>center</align>
            <aligny>center</aligny>
            <textcolor>white</textcolor>
            <focusedcolor>black</focusedcolor>
            <label>Subscribe</label>
            <!--<label>Browse</label>-->
            <texturefocus>tvg-button-focus.png</texturefocus>
            <texturenofocus>tvg-button-nofocus.png</texturenofocus>
            <onleft>103</onleft>
            <onright>101</onright>
            <ondown>4001</ondown>
        </control>
        <!-- Main stream screen 101 -->
        <control type="group" id="1000">
            <posx>0</posx>
            <posy>120</posy>
            <width>800</width>
            <height>340</height>
            <visible>StringCompare(Control.GetLabel(100),strm)</visible>
            <!-- Main stream strm m3u File -->
            <control type="button" id="1001">
                <description>strm|m3u File</description>
                <posx>450</posx>
                <posy>420</posy>
                <width>200</width>
                <height>50</height>
                <label>strm|m3u File</label>
                <align>center</align>
                <aligny>center</aligny>
                <textcolor>white</textcolor>
                <focusedcolor>black</focusedcolor>
                <texturefocus>tvg-button-focus.png</texturefocus>
                <texturenofocus>tvg-button-nofocus.png</texturenofocus>
                <onup>101</onup>
                <onright>1006</onright>
                <ondown>1002</ondown>
            </control>
            <!-- help Main stream strm m3u File -->
            <control type="textbox">
                <posx>450</posx>
                <posy>380</posy>
                <width>1260</width>
                <height>80</height>
                <align>left</align>
                <label>Choose stream or substream from strm|m3u playlist to add to addons.ini.</label>
                <visible>Control.HasFocus(1001)</visible>
            </control>
            <!-- Main Import Playlist -->
            <control type="button" id="1006">
                <description>Import Playlist</description>
                <posx>670</posx>
                <posy>420</posy>
                <width>190</width>
                <height>50</height>
                <label>Playlist</label>
                <align>center</align>
                <aligny>center</aligny>
                <textcolor>white</textcolor>
                <focusedcolor>black</focusedcolor>
                <texturefocus>tvg-button-focus.png</texturefocus>
                <texturenofocus>tvg-button-nofocus.png</texturenofocus>
                <onup>101</onup>
                <onleft>1001</onleft>
                <onright>1007</onright>
                <ondown>1002</ondown>
            </control>
            <!-- help Main Import Playlist -->
            <control type="textbox">
                <posx>450</posx>
                <posy>380</posy>
                <width>1260</width>
                <height>80</height>
                <align>left</align>
                <label>Import Playlist from strm|m3u playlist to add to addons.ini.</label>
                <visible>Control.HasFocus(1006)</visible>
            </control>
            <!-- Main Import PVR -->
            <control type="button" id="1007">
                <description>Import PVR</description>
                <posx>880</posx>
                <posy>420</posy>
                <width>100</width>
                <height>50</height>
                <label>PVR</label>
                <align>center</align>
                <aligny>center</aligny>
                <textcolor>white</textcolor>
                <focusedcolor>black</focusedcolor>
                <texturefocus>tvg-button-focus.png</texturefocus>
                <texturenofocus>tvg-button-nofocus.png</texturenofocus>
                <onup>101</onup>
                <onleft>1006</onleft>
                <onright>1008</onright>
                <ondown>1002</ondown>
            </control>
            <!-- help Main Import PVR -->
            <control type="textbox">
                <posx>450</posx>
                <posy>380</posy>
                <width>1260</width>
                <height>80</height>
                <align>left</align>
                <label>Import PVR channels and add to addons.ini.</label>
                <visible>Control.HasFocus(1007)</visible>
            </control>
            <!-- Main Import catchup -->
            <control type="button" id="1008">
                <description>catchup</description>
                <posx>1000</posx>
                <posy>420</posy>
                <width>260</width>
                <height>50</height>
                <label>Catchup Channel</label>
                <align>center</align>
                <aligny>center</aligny>
                <textcolor>white</textcolor>
                <focusedcolor>black</focusedcolor>
                <texturefocus>tvg-button-focus.png</texturefocus>
                <texturenofocus>tvg-button-nofocus.png</texturenofocus>
                <onup>101</onup>
                <onleft>1007</onleft>
                <onright>1002</onright>
                <ondown>1002</ondown>
            </control>
            <!-- help Main Import catchup -->
            <control type="textbox">
                <posx>450</posx>
                <posy>380</posy>
                <width>1260</width>
                <height>80</height>
                <align>left</align>
                <label>Add Catchup Channel to addons.ini.</label>
                <visible>Control.HasFocus(1008)</visible>
            </control>
            <!-- Main STRM FILE LABEL -->
            <control type="textbox" id="1005">
                <description>STRM FILE LABEL</description>
                <posx>140</posx>
                <posy>240</posy>
                <width>1280</width>
                <height>80</height>
            </control>
            <!-- Main stream HELP -->
            <!-- Main stream HELP Main Mainscreen Streamsetup Help about what to do -->
            <control type="textbox">
                <description>Main Mainscreen Streamsetup Help about what to do</description>
                <posx>40</posx>
                <posy>10</posy>
                <width>1260</width>
                <height>80</height>
                <align>left</align>
                <textcolor>yellow</textcolor>
                <label>All available channels are in addons.ini. This will help you add your own channels.</label>
            </control>
            <!-- Main stream HELP Main Mainscreen Streamsetup Help about what to do -->
            <control type="textbox">
                <description>Mainscreen Textbox Help about what to do</description>
                <posx>40</posx>
                <posy>60</posy>
                <width>1260</width>
                <height>80</height>
                <align>left</align>
                <label>1 | Choose stream or substream from strm|m3u|pvr playlist</label>
            </control>
            <!-- Main stream HELP Main Mainscreen Streamsetup Help about what to do -->
            <control type="textbox">
                <description>Mainscreen Textbox Help about what to do 2</description>
                <posx>40</posx>
                <posy>100</posy>
                <width>1260</width>
                <height>80</height>
                <align>left</align>
                <label>2 | Add a channel from your Favourites</label>
            </control>
            <!-- Main stream HELP Main Mainscreen Streamsetup Help about what to do -->
            <control type="textbox">
                <description>Mainscreen Textbox Help about what to do 2</description>
                <posx>40</posx>
                <posy>140</posy>
                <width>1260</width>
                <height>80</height>
                <align>left</align>
                <label>3 | Choose from your available channels in addons.ini. Subscribe for more.</label>
            </control>
            <!-- Main stream HELP Main Mainscreen Streamsetup Help about what to do -->
            <control type="textbox">
                <description>Mainscreen Textbox Help about what to do 2</description>
                <posx>40</posx>
                <posy>180</posy>
                <width>1260</width>
                <height>80</height>
                <align>left</align>
                <label>4 | Subscribe will let you browse addons and choose channels to subscribe to in addons.ini. Refresh Addons.ini afterwards.</label>
            </control>
            <!-- Main stream buttons -->
            <!-- mouse player Stop only id media playing -->
            <control type="button">
                <description>mouse player Stop</description>
                <posx>350</posx>
                <posy>530</posy>
                <width>30</width>
                <height>30</height>
                <texturefocus>buttons/player/StopFO.png</texturefocus>
                <texturenofocus>buttons/player/Stop.png</texturenofocus>
                <onclick>stop</onclick>
                <!--<onclick>PlayerControl(Stop)</onclick>-->
            </control>
            <!-- Main stream Preview stream -->
            <control type="button" id="1002">
                <posx>450</posx>
                <posy>530</posy>
                <width>170</width>
                <height>40</height>
                <align>center</align>
                <aligny>center</aligny>
                <textcolor>white</textcolor>
                <focusedcolor>black</focusedcolor>
                <label>Preview</label>
                <!--<label>$ADDON[script.tvguide.fullscreen 30604]</label>-->
                <texturefocus>tvg-button-focus.png</texturefocus>
                <texturenofocus>tvg-button-nofocus.png</texturenofocus>
                <onup>101</onup>
                <onleft>1001</onleft>
                <onright>1003</onright>
            </control>
            <!-- Main stream Save -->
            <control type="button" id="1003">
                <posx>650</posx>
                <posy>530</posy>
                <width>170</width>
                <height>40</height>
                <align>center</align>
                <aligny>center</aligny>
                <textcolor>white</textcolor>
                <focusedcolor>black</focusedcolor>
                <label>Save</label>
                <!--<label>$ADDON[script.tvguide.fullscreen 30605]</label>-->
                <texturefocus>tvg-button-focus.png</texturefocus>
                <texturenofocus>tvg-button-nofocus.png</texturenofocus>
                <onup>101</onup>
                <onleft>1002</onleft>
                <onright>1004</onright>
            </control>
            <!-- Main stream Cancel -->
            <control type="button" id="1004">
                <posx>850</posx>
                <posy>530</posy>
                <width>170</width>
                <height>40</height>
                <align>center</align>
                <aligny>center</aligny>
                <textcolor>white</textcolor>
                <focusedcolor>black</focusedcolor>
                <label>Cancel</label>
                <!--<label>$ADDON[script.tvguide.fullscreen 30606]</label>-->
                <texturefocus>tvg-button-focus.png</texturefocus>
                <texturenofocus>tvg-button-nofocus.png</texturenofocus>
                <onup>101</onup>
                <onleft>1003</onleft>
                <onright>1009</onright>
            </control>
            <!-- Main stream Clear Alt Stream -->
            <control type="button" id="1009">
                <description>C_STREAM_STRM_CLEAR_ALT</description>
                <posx>1050</posx>
                <posy>530</posy>
                <width>170</width>
                <height>40</height>
                <align>center</align>
                <aligny>center</aligny>
                <textcolor>white</textcolor>
                <focusedcolor>black</focusedcolor>
                <label>Clear Alt</label>
                <texturefocus>tvg-button-focus.png</texturefocus>
                <texturenofocus>tvg-button-nofocus.png</texturenofocus>
                <onup>101</onup>
                <onleft>1004</onleft>
            </control>
        </control>
        <!-- # Main Favourites -->
        <control type="group" id="2000">
            <posx>0</posx>
            <posy>120</posy>
            <width>800</width>
            <height>340</height>
            <visible>StringCompare(Control.GetLabel(100),favourites)</visible>
            <!-- Choose a Favourite Stream label -->
            <control type="textbox">
                <posx>140</posx>
                <posy>60</posy>
                <width>350</width>
                <height>80</height>
                <align>left</align>
                <label>Choose a Favourite Stream.</label>
            </control>
            <!-- Choose a fav list array -->
            <control type="list" id="2001">
                <posx>550</posx>
                <posy>20</posy>
                <width>400</width>
                <height>480</height>
                <viewtype label="list">list</viewtype>
                <orientation>vertical</orientation>
                <focusposition>7</focusposition>
                <onleft>102</onleft>
                <onright>2002</onright>
                <itemlayout width="400" height="40">
                    <control type="image">
                        <posx>0</posx>
                        <posy>0</posy>
                        <width>400</width>
                        <height>38</height>
                        <texture>tvg-button-nofocus.png</texture>
                    </control>
                    <control type="label">
                        <posx>16</posx>
                        <posy>0</posy>
                        <width>400</width>
                        <height>38</height>
                        <aligny>center</aligny>
                        <textcolor>white</textcolor>
                        <info>ListItem.Label</info>
                    </control>
                </itemlayout>
                <focusedlayout width="400" height="40">
                    <control type="image">
                        <posx>0</posx>
                        <posy>0</posy>
                        <width>400</width>
                        <height>38</height>
                        <texture>tvg-button-focus.png</texture>
                        <visible>true</visible>
                    </control>
                    <control type="label">
                        <posx>16</posx>
                        <posy>0</posy>
                        <width>400</width>
                        <height>38</height>
                        <aligny>center</aligny>
                        <textcolor>white</textcolor>
                        <info>ListItem.Label</info>
                        <visible>!Control.HasFocus(2001)</visible>
                    </control>
                    <control type="label">
                        <posx>16</posx>
                        <posy>0</posy>
                        <width>400</width>
                        <height>38</height>
                        <aligny>center</aligny>
                        <textcolor>black</textcolor>
                        <info>ListItem.Label</info>
                        <visible>Control.HasFocus(2001)</visible>
                    </control>
                </focusedlayout>
            </control>
            <!-- fav buttons -->
            <!-- mouse player Stop only id media playing -->
            <control type="button">
                <description>mouse player Stop</description>
                <posx>350</posx>
                <posy>530</posy>
                <width>30</width>
                <height>30</height>
                <texturefocus>buttons/player/StopFO.png</texturefocus>
                <texturenofocus>buttons/player/Stop.png</texturenofocus>
                <onclick>stop</onclick>
                <!--<onclick>PlayerControl(Stop)</onclick>-->
            </control>
            <!-- Preview Stream -->
            <control type="button" id="2002">
                <posx>450</posx>
                <posy>530</posy>
                <width>170</width>
                <height>40</height>
                <align>center</align>
                <aligny>center</aligny>
                <textcolor>white</textcolor>
                <focusedcolor>black</focusedcolor>
                <label>Preview</label>
                <!--<label>$ADDON[script.tvguide.fullscreen 30604]</label>-->
                <texturefocus>tvg-button-focus.png</texturefocus>
                <texturenofocus>tvg-button-nofocus.png</texturenofocus>
                <onup>102</onup>
                <onleft>2001</onleft>
                <onright>2003</onright>
            </control>
            <!-- Save -->
            <control type="button" id="2003">
                <posx>650</posx>
                <posy>530</posy>
                <width>170</width>
                <height>40</height>
                <align>center</align>
                <aligny>center</aligny>
                <textcolor>white</textcolor>
                <focusedcolor>black</focusedcolor>
                <label>Save</label>
                <!--<label>$ADDON[script.tvguide.fullscreen 30605]</label>-->
                <texturefocus>tvg-button-focus.png</texturefocus>
                <texturenofocus>tvg-button-nofocus.png</texturenofocus>
                <onup>102</onup>
                <onleft>2002</onleft>
                <onright>2004</onright>
            </control>
            <!-- Cancel -->
            <control type="button" id="2004">
                <posx>850</posx>
                <posy>530</posy>
                <width>170</width>
                <height>40</height>
                <align>center</align>
                <aligny>center</aligny>
                <textcolor>white</textcolor>
                <focusedcolor>black</focusedcolor>
                <label>Cancel</label>
                <!--<label>$ADDON[script.tvguide.fullscreen 30606]</label>-->
                <texturefocus>tvg-button-focus.png</texturefocus>
                <texturenofocus>tvg-button-nofocus.png</texturenofocus>
                <onup>102</onup>
                <onleft>2003</onleft>
                <onright>2005</onright>
            </control>
            <!-- Alt Stream -->
            <control type="button" id="2005">
                <posx>1050</posx>
                <posy>530</posy>
                <width>170</width>
                <height>40</height>
                <align>center</align>
                <aligny>center</aligny>
                <textcolor>white</textcolor>
                <focusedcolor>black</focusedcolor>
                <label>Alt Stream</label>
                <texturefocus>tvg-button-focus.png</texturefocus>
                <texturenofocus>tvg-button-nofocus.png</texturenofocus>
                <onup>102</onup>
                <onleft>2004</onleft>
                <visible>true</visible>
            </control>
        </control>
        <!-- # Main Addons ini browse -->
        <control type="group" id="3000">
            <posx>0</posx>
            <posy>120</posy>
            <width>1280</width>
            <height>600</height>
            <visible>StringCompare(Control.GetLabel(100),addons)</visible>
            <!-- arrow -->
            <control type="image">
                <posx>90</posx>
                <posy>20</posy>
                <width>40</width>
                <height>12</height>
                <texture>tvguide-channel-arrow.png</texture>
            </control>
            <!-- arrow -->
            <control type="image">
                <posx>90</posx>
                <posy>230</posy>
                <width>40</width>
                <height>-12</height>
                <texture>tvguide-channel-arrow.png</texture>
            </control>
            <!-- addons list array -->
            <control type="wraplist" id="3001">
                <posx>40</posx>
                <posy>65</posy>
                <width>150</width>
                <height>150</height>
                <aspectratio>keep</aspectratio>
                <viewtype label="list">list</viewtype>
                <orientation>vertical</orientation>
                <focusposition>0</focusposition>
                <onleft>103</onleft>
                <onright>3002</onright>
                <itemlayout width="150" height="150">
                    <control type="image">
                        <posx>0</posx>
                        <posy>0</posy>
                        <width>150</width>
                        <height>150</height>
                        <texture>tvg-button-nofocus.png</texture>
                    </control>
                    <control type="image">
                        <posx>10</posx>
                        <posy>10</posy>
                        <width>130</width>
                        <height>130</height>
                        <info>ListItem.Icon</info>
                    </control>
                </itemlayout>
                <focusedlayout width="150" height="150">
                    <control type="image">
                        <posx>0</posx>
                        <posy>0</posy>
                        <width>150</width>
                        <height>150</height>
                        <texture>tvg-button-nofocus.png</texture>
                        <visible>!Control.HasFocus(3001)</visible>
                    </control>
                    <control type="image">
                        <posx>0</posx>
                        <posy>0</posy>
                        <width>150</width>
                        <height>150</height>
                        <texture>tvg-button-focus.png</texture>
                        <visible>Control.HasFocus(3001)</visible>
                    </control>
                    <control type="image">
                        <posx>10</posx>
                        <posy>10</posy>
                        <width>130</width>
                        <height>130</height>
                        <info>ListItem.Icon</info>
                    </control>
                </focusedlayout>
            </control>
            <!-- addons list label -->
            <control type="label" id="3003">
                <posx>40</posx>
                <posy>280</posy>
                <width>330</width>
                <height>40</height>
                <label>[B][/B]</label>
                <textcolor>white</textcolor>
            </control>
            <!-- addon info -->
            <control type="textbox" id="3004">
                <label />
                <description>addon info</description>
                <posx>40</posx>
                <posy>310</posy>
                <width>450</width>
                <height>190</height>
                <font>font12</font>
                <align>left</align>
                <autoscroll time="3600" delay="6000" repeat="6000">true</autoscroll>
                <!--<visible>!Player.HasMedia</visible>-->
            </control>
            <!-- addons list array second window -->
            <control type="list" id="3002">
                <posx>550</posx>
                <posy>20</posy>
                <width>400</width>
                <height>480</height>
                <viewtype label="list">list</viewtype>
                <orientation>vertical</orientation>
                <focusposition>7</focusposition>
                <onleft>3001</onleft>
                <onright>3005</onright>
                <itemlayout width="400" height="40">
                    <control type="image">
                        <posx>0</posx>
                        <posy>0</posy>
                        <width>400</width>
                        <height>38</height>
                        <texture>tvg-button-nofocus.png</texture>
                    </control>
                    <control type="label">
                        <posx>16</posx>
                        <posy>0</posy>
                        <width>400</width>
                        <height>38</height>
                        <aligny>center</aligny>
                        <textcolor>white</textcolor>
                        <info>ListItem.Label</info>
                    </control>
                </itemlayout>
                <focusedlayout width="400" height="40">
                    <control type="image">
                        <posx>0</posx>
                        <posy>0</posy>
                        <width>400</width>
                        <height>38</height>
                        <texture>tvg-button-focus.png</texture>
                        <visible>true</visible>
                    </control>
                    <control type="label">
                        <posx>16</posx>
                        <posy>0</posy>
                        <width>400</width>
                        <height>38</height>
                        <aligny>center</aligny>
                        <textcolor>white</textcolor>
                        <info>ListItem.Label</info>
                        <visible>!Control.HasFocus(3002)</visible>
                    </control>
                    <control type="label">
                        <posx>16</posx>
                        <posy>0</posy>
                        <width>400</width>
                        <height>38</height>
                        <aligny>center</aligny>
                        <textcolor>black</textcolor>
                        <info>ListItem.Label</info>
                        <visible>Control.HasFocus(3002)</visible>
                    </control>
                </focusedlayout>
            </control>
            <!-- Buttons -->
            <!-- mouse player Stop only id media playing -->
            <control type="button">
                <description>mouse player Stop</description>
                <posx>350</posx>
                <posy>530</posy>
                <width>30</width>
                <height>30</height>
                <texturefocus>buttons/player/StopFO.png</texturefocus>
                <texturenofocus>buttons/player/Stop.png</texturenofocus>
                <onclick>stop</onclick>
                <!--<onclick>PlayerControl(Stop)</onclick>-->
            </control>
            <!-- Preview Stream -->
            <control type="button" id="3005">
                <posx>450</posx>
                <posy>530</posy>
                <width>170</width>
                <height>40</height>
                <align>center</align>
                <aligny>center</aligny>
                <textcolor>white</textcolor>
                <focusedcolor>black</focusedcolor>
                <label>Preview</label>
                <!--<label>$ADDON[script.tvguide.fullscreen 30604]</label>-->
                <texturefocus>tvg-button-focus.png</texturefocus>
                <texturenofocus>tvg-button-nofocus.png</texturenofocus>
                <onup>103</onup>
                <onleft>3002</onleft>
                <onright>3006</onright>
            </control>
            <!-- Save -->
            <control type="button" id="3006">
                <posx>650</posx>
                <posy>530</posy>
                <width>170</width>
                <height>40</height>
                <align>center</align>
                <aligny>center</aligny>
                <textcolor>white</textcolor>
                <focusedcolor>black</focusedcolor>
                <label>Save</label>
                <!--<label>$ADDON[script.tvguide.fullscreen 30605]</label>-->
                <texturefocus>tvg-button-focus.png</texturefocus>
                <texturenofocus>tvg-button-nofocus.png</texturenofocus>
                <onup>103</onup>
                <onleft>3005</onleft>
                <onright>3007</onright>
            </control>
            <!-- Cancel -->
            <control type="button" id="3007">
                <posx>850</posx>
                <posy>530</posy>
                <width>170</width>
                <height>40</height>
                <align>center</align>
                <aligny>center</aligny>
                <textcolor>white</textcolor>
                <focusedcolor>black</focusedcolor>
                <label>Cancel</label>
                <!--<label>$ADDON[script.tvguide.fullscreen 30606]</label>-->
                <texturefocus>tvg-button-focus.png</texturefocus>
                <texturenofocus>tvg-button-nofocus.png</texturenofocus>
                <onup>103</onup>
                <onleft>3006</onleft>
                <onright>3009</onright>
            </control>
            <!-- Alt Stream -->
            <control type="button" id="3009">
                <posx>1050</posx>
                <posy>530</posy>
                <width>170</width>
                <height>40</height>
                <align>center</align>
                <aligny>center</aligny>
                <textcolor>white</textcolor>
                <focusedcolor>black</focusedcolor>
                <label>Alt Stream</label>
                <texturefocus>tvg-button-focus.png</texturefocus>
                <texturenofocus>tvg-button-nofocus.png</texturenofocus>
                <onup>103</onup>
                <onleft>3007</onleft>
            </control>
        </control>
        <!-- # Main browse and add addon subscriptions -->
        <control type="group" id="4000">
            <posx>0</posx>
            <posy>120</posy>
            <width>1280</width>
            <height>600</height>
            <visible>StringCompare(Control.GetLabel(100),browse)</visible>
            <!-- arrow -->
            <control type="image">
                <posx>90</posx>
                <posy>20</posy>
                <width>40</width>
                <height>12</height>
                <texture>tvguide-channel-arrow.png</texture>
            </control>
            <!-- arrow -->
            <control type="image">
                <posx>90</posx>
                <posy>280</posy>
                <width>40</width>
                <height>-12</height>
                <texture>tvguide-channel-arrow.png</texture>
            </control>
            <!-- subs list array -->
            <control type="list" id="4001">
                <posx>40</posx>
                <posy>65</posy>
                <width>300</width>
                <height>200</height>
                <aspectratio>keep</aspectratio>
                <viewtype label="list">list</viewtype>
                <orientation>vertical</orientation>
                <focusposition>0</focusposition>
                <onleft>104</onleft>
                <onright>4008</onright>
                <itemlayout width="150" height="200">
                    <control type="image">
                        <posx>0</posx>
                        <posy>0</posy>
                        <width>150</width>
                        <height>150</height>
                        <texture>tvg-button-nofocus.png</texture>
                    </control>
                    <control type="image">
                        <posx>10</posx>
                        <posy>10</posy>
                        <width>130</width>
                        <height>130</height>
                        <info>ListItem.Icon</info>
                    </control>
                    <control type="label">
                        <posx>10</posx>
                        <posy>150</posy>
                        <width>300</width>
                        <height>40</height>
                        <aligny>center</aligny>
                        <textcolor>white</textcolor>
                        <info>ListItem.Label</info>
                    </control>
                </itemlayout>
                <focusedlayout width="150" height="200">
                    <control type="image">
                        <posx>0</posx>
                        <posy>0</posy>
                        <width>150</width>
                        <height>150</height>
                        <texture>tvg-button-nofocus.png</texture>
                        <visible>!Control.HasFocus(4001)</visible>
                    </control>
                    <control type="image">
                        <posx>0</posx>
                        <posy>0</posy>
                        <width>150</width>
                        <height>150</height>
                        <texture>tvg-button-focus.png</texture>
                        <visible>Control.HasFocus(4001)</visible>
                    </control>
                    <control type="image">
                        <posx>10</posx>
                        <posy>10</posy>
                        <width>130</width>
                        <height>130</height>
                        <info>ListItem.Icon</info>
                    </control>
                    <control type="label">
                        <posx>10</posx>
                        <posy>150</posy>
                        <width>300</width>
                        <height>40</height>
                        <aligny>center</aligny>
                        <textcolor>white</textcolor>
                        <info>ListItem.Label</info>
                    </control>
                </focusedlayout>
            </control>
            <!-- help subscriptions Help about what to do -->
            <control type="label">
                <description>subscriptions Help about what to do</description>
                <posx>40</posx>
                <posy>-20</posy>
                <width>1260</width>
                <height>38</height>
                <aligny>center</aligny>
                <textcolor>white</textcolor>
                <label>Click on the addon icon and wait until the addon loads. Then browse to the directory you want and click Add Folder button.</label>
            </control>
            <!-- subs list array -->
            <control type="list" id="4008">
                <posx>400</posx>
                <posy>20</posy>
                <width>300</width>
                <height>480</height>
                <viewtype label="list">list</viewtype>
                <orientation>vertical</orientation>
                <focusposition>7</focusposition>
                <onleft>4001</onleft>
                <onright>4002</onright>
                <itemlayout width="300" height="40">
                    <control type="image">
                        <posx>0</posx>
                        <posy>0</posy>
                        <width>300</width>
                        <height>38</height>
                        <texture>tvg-button-nofocus.png</texture>
                    </control>
                    <control type="label">
                        <posx>16</posx>
                        <posy>0</posy>
                        <width>300</width>
                        <height>38</height>
                        <aligny>center</aligny>
                        <textcolor>white</textcolor>
                        <info>ListItem.Label</info>
                    </control>
                </itemlayout>
                <focusedlayout width="300" height="40">
                    <control type="image">
                        <posx>0</posx>
                        <posy>0</posy>
                        <width>300</width>
                        <height>38</height>
                        <texture>tvg-button-focus.png</texture>
                        <visible>true</visible>
                    </control>
                    <control type="label">
                        <posx>16</posx>
                        <posy>0</posy>
                        <width>300</width>
                        <height>38</height>
                        <aligny>center</aligny>
                        <textcolor>white</textcolor>
                        <info>ListItem.Label</info>
                        <visible>!Control.HasFocus(4008)</visible>
                    </control>
                    <control type="label">
                        <posx>16</posx>
                        <posy>0</posy>
                        <width>300</width>
                        <height>38</height>
                        <aligny>center</aligny>
                        <textcolor>black</textcolor>
                        <info>ListItem.Label</info>
                        <visible>Control.HasFocus(4008)</visible>
                    </control>
                </focusedlayout>
            </control>
            <!-- subs addon name -->
            <control type="label" id="4003">
                <description>addon name</description>
                <posx>40</posx>
                <posy>280</posy>
                <width>350</width>
                <height>40</height>
                <label>[B][/B]</label>
                <textcolor>white</textcolor>
            </control>
            <!-- subs addon info -->
            <control type="textbox" id="4004">
                <label />
                <description>addon info</description>
                <posx>40</posx>
                <posy>310</posy>
                <width>350</width>
                <height>190</height>
                <font>font12</font>
                <align>left</align>
                <autoscroll time="3600" delay="6000" repeat="6000">true</autoscroll>
                <!--<visible>!Player.HasMedia</visible>-->
            </control>
            <!-- subs list array window 2 -->
            <control type="list" id="4002">
                <posx>750</posx>
                <posy>20</posy>
                <width>400</width>
                <height>480</height>
                <viewtype label="list">list</viewtype>
                <orientation>vertical</orientation>
                <focusposition>7</focusposition>
                <onleft>4008</onleft>
                <onright>4005</onright>
                <itemlayout width="400" height="40">
                    <control type="image">
                        <posx>0</posx>
                        <posy>0</posy>
                        <width>400</width>
                        <height>38</height>
                        <texture>tvg-button-nofocus.png</texture>
                    </control>
                    <control type="label">
                        <posx>16</posx>
                        <posy>0</posy>
                        <width>400</width>
                        <height>38</height>
                        <aligny>center</aligny>
                        <textcolor>white</textcolor>
                        <info>ListItem.Label</info>
                    </control>
                </itemlayout>
                <focusedlayout width="400" height="40">
                    <control type="image">
                        <posx>0</posx>
                        <posy>0</posy>
                        <width>400</width>
                        <height>38</height>
                        <texture>tvg-button-focus.png</texture>
                        <visible>true</visible>
                    </control>
                    <control type="label">
                        <posx>16</posx>
                        <posy>0</posy>
                        <width>400</width>
                        <height>38</height>
                        <aligny>center</aligny>
                        <textcolor>white</textcolor>
                        <info>ListItem.Label</info>
                        <visible>!Control.HasFocus(4002)</visible>
                    </control>
                    <control type="label">
                        <posx>16</posx>
                        <posy>0</posy>
                        <width>400</width>
                        <height>38</height>
                        <aligny>center</aligny>
                        <textcolor>black</textcolor>
                        <info>ListItem.Label</info>
                        <visible>Control.HasFocus(4002)</visible>
                    </control>
                </focusedlayout>
            </control>
            <!-- Buttons -->
            <!-- mouse player Stop only id media playing -->
            <control type="button">
                <description>mouse player Stop</description>
                <posx>350</posx>
                <posy>530</posy>
                <width>30</width>
                <height>30</height>
                <texturefocus>buttons/player/StopFO.png</texturefocus>
                <texturenofocus>buttons/player/Stop.png</texturenofocus>
                <onclick>stop</onclick>
                <!--<onclick>PlayerControl(Stop)</onclick>-->
            </control>
            <!-- Preview -->
            <control type="button" id="4005">
                <posx>450</posx>
                <posy>530</posy>
                <width>140</width>
                <height>40</height>
                <align>center</align>
                <aligny>center</aligny>
                <textcolor>white</textcolor>
                <focusedcolor>black</focusedcolor>
                <label>Preview</label>
                <texturefocus>tvg-button-focus.png</texturefocus>
                <texturenofocus>tvg-button-nofocus.png</texturenofocus>
                <onup>104</onup>
                <onleft>4002</onleft>
                <onright>4006</onright>
            </control>
            <!-- Save -->
            <control type="button" id="4006">
                <posx>600</posx>
                <posy>530</posy>
                <width>140</width>
                <height>40</height>
                <align>center</align>
                <aligny>center</aligny>
                <textcolor>white</textcolor>
                <focusedcolor>black</focusedcolor>
                <label>Save</label>
                <!--<label>$ADDON[script.tvguide.fullscreen 30605]</label>-->
                <texturefocus>tvg-button-focus.png</texturefocus>
                <texturenofocus>tvg-button-nofocus.png</texturenofocus>
                <onup>104</onup>
                <onleft>4005</onleft>
                <onright>4007</onright>
            </control>
            <!-- Cancel -->
            <control type="button" id="4007">
                <posx>750</posx>
                <posy>530</posy>
                <width>140</width>
                <height>40</height>
                <align>center</align>
                <aligny>center</aligny>
                <textcolor>white</textcolor>
                <focusedcolor>black</focusedcolor>
                <label>Cancel</label>
                <!--<label>$ADDON[script.tvguide.fullscreen 30606]</label>-->
                <texturefocus>tvg-button-focus.png</texturefocus>
                <texturenofocus>tvg-button-nofocus.png</texturenofocus>
                <onup>104</onup>
                <onleft>4006</onleft>
                <onright>4010</onright>
            </control>
            <!-- Add Alt -->
            <control type="button" id="4010">
                <posx>900</posx>
                <posy>530</posy>
                <width>140</width>
                <height>40</height>
                <align>center</align>
                <aligny>center</aligny>
                <textcolor>white</textcolor>
                <focusedcolor>black</focusedcolor>
                <label>Add Alt</label>
                <texturefocus>tvg-button-focus.png</texturefocus>
                <texturenofocus>tvg-button-nofocus.png</texturenofocus>
                <onup>104</onup>
                <onleft>4007</onleft>
                <onright>4009</onright>
            </control>
            <!-- Add Folder -->
            <control type="button" id="4009">
                <posx>1050</posx>
                <posy>530</posy>
                <width>160</width>
                <height>40</height>
                <align>center</align>
                <aligny>center</aligny>
                <textcolor>white</textcolor>
                <focusedcolor>black</focusedcolor>
                <label>Add Folder</label>
                <texturefocus>tvg-button-focus.png</texturefocus>
                <texturenofocus>tvg-button-nofocus.png</texturenofocus>
                <onup>104</onup>
                <onleft>4010</onleft>
                <onright>40099</onright>
            </control>
            <!-- custom refresh sub ini -->
            <control type="button" id="40099">
                <label></label>
                <description>custom refresh sub ini</description>
                <posx>1220</posx>
                <posy>530</posy>
                <width>30</width>
                <height>40</height>
                <align>center</align>
                <aligny>center</aligny>
                <textcolor>white</textcolor>
                <focusedcolor>black</focusedcolor>
                <texturefocus>buttons/osd/refreshFO.png</texturefocus>
                <texturenofocus>buttons/osd/refresh.png</texturenofocus>
                <onup>104</onup>
                <ondown>4005</ondown>
                <onleft>4009</onleft>
                <onright>4005</onright>
                <onclick>RunScript(special://home/addons/script.tvguide.fullscreen.skin.cake/resources/lib/skin.py, 20)</onclick>
            </control>
        </control>
    </controls>
</window>
