<?xml version="1.0" encoding="UTF-8"?>
<!-- This is a dummy file for Skinning_Tool.exe validation and is useless for adding fonts to the addon skin   REFERENCE ONLY -->
<fonts>
    <!-- Confluence and Estuary common Fonts -->
    <!-- Confluence # the fonts listed -->
    <!--<fontset id="Default" idloc="31390">-->
    <!-- Estuary -->
    <!--<fontset id="Default" idloc="15109">-->
    <fontset id="Default">
        <font>
            <name>font10</name>
            <filename>Roboto-Regular.ttf</filename>
            <size>21</size>
        </font>
        <font>
            <name>font12</name>
            <filename>Roboto-Regular.ttf</filename>
            <size>26</size>
        </font>
        <font>
            <name>font13</name>
            <filename>Roboto-Regular.ttf</filename>
            <size>30</size>
        </font>
        <font>
            <name>font14</name>
            <filename>Roboto-Regular.ttf</filename>
            <size>33</size>
        </font>
        <font>
            <name>font30_title</name>
            <filename>Roboto-Bold.ttf</filename>
            <size>45</size>
        </font>
        <font>
            <name>font_MainMenu</name>
            <filename>Roboto-Bold.ttf</filename>
            <size>60</size>
        </font>
        <font>
            <name>TVGuide35</name>
            <filename>Muli-ExtraBold.ttf</filename>
            <size>52</size>
        </font>
        <font>
            <name>TVGuide32</name>
            <filename>Muli-ExtraBold.ttf</filename>
            <size>48</size>
        </font>
        <font>
            <name>TVGuide32_textbox</name>
            <filename>Muli-ExtraBold.ttf</filename>
            <size>48</size>
            <linespacing>1.18</linespacing>
        </font>
        <font>
            <name>TVGuide31_textbox</name>
            <filename>Muli-ExtraBold.ttf</filename>
            <size>46</size>
            <linespacing>1.2</linespacing>
        </font>
        <font>
            <name>TVGuide30_textbox</name>
            <filename>Muli-ExtraBold.ttf</filename>
            <size>45</size>
            <linespacing>1.18</linespacing>
        </font>
        <font>
            <name>TVGuide29</name>
            <filename>Muli-ExtraBold.ttf</filename>
            <size>44</size>
        </font>
        <font>
            <name>TVGuide26_textbox</name>
            <filename>Muli-ExtraBold.ttf</filename>
            <size>39</size>
            <linespacing>1.1</linespacing>
        </font>
    </fontset>
</fonts>
