<?xml version="1.0" encoding="utf-8"?>
<!--
    C_CAT_BACKGROUND = 7000
    C_CAT_QUIT = 7003
    C_CAT_CATEGORY = 7004
    C_CAT_SET_CATEGORY = 7005  disabled   does nothing
-->
<window type="dialog">
    <allowoverlay>no</allowoverlay>
    <defaultcontrol always="true">7004</defaultcontrol>
    <coordinates>
        <system>1</system>
        <posx>0</posx>
        <posy>1030</posy>
        <!--<posy>690</posy>-->
    </coordinates>
    <controls>
        <!-- # Cat Backgrounds -->
        <!-- Cat Background colour from settings -->
        <control type="image" id="7000">
            <posx>0</posx>
            <posy>0</posy>
            <width>1920</width>
            <height>45</height>
            <texture>white.png</texture>
            <visible>true</visible>
        </control>
        <!-- extra dark layer -->
        <control type="image">
            <description>extra dark layer</description>
            <posx>0</posx>
            <posy>0</posy>
            <width>1920</width>
            <height>45</height>
            <texture>backgrounds/clear-black.png</texture>
            <visible>true</visible>
        </control>
        <!-- cat bar image header background -->
        <control type="image">
            <description>cat bar image header background</description>
            <posx>0</posx>
            <posy>0</posy>
            <width>1920</width>
            <height>45</height>
            <texture>tvg-program-nofocus.png</texture>
            <!--<visible>!Control.HasFocus(7000)</visible>-->
        </control>
        <!-- # quit -->
        <control type="button" id="7003">
            <label></label>
            <description>quit</description>
            <posx>0</posx>
            <posy>12</posy>
            <width>27</width>
            <height>27</height>
            <aligny>center</aligny>
            <align>center</align>
            <textcolor>grey</textcolor>
            <focusedcolor>black</focusedcolor>
            <texturefocus>buttons/mouse/prevFO.png</texturefocus>
            <texturenofocus>buttons/mouse/prev.png</texturenofocus>
            <!--<texturefocus>tvg-transparent.png</texturefocus>
            <texturenofocus>tvg-transparent.png</texturenofocus>-->
            <visible>true</visible>
        </control>
        <!-- Search program category -->
        <!--
        <control type="button" id="7005">
            <label></label>
            <description>Search program category</description>
            <posx>1220</posx>
            <posy>0</posy>
            <width>28</width>
            <height>28</height>
            <font>font10</font>
            <align>center</align>
            <aligny>center</aligny>
            <textcolor>grey</textcolor>
            <focusedcolor>yellow</focusedcolor>
            <texturefocus>tvg-button-focus.png</texturefocus>
            <texturenofocus>buttons/actionbar/search.png</texturenofocus>
            <onright>7004</onright>
            <onleft>7004</onleft>
            <onclick></onclick>
            <visible>false</visible>
        </control>
        -->
        <control type="button" id="7005">
            <label></label>
            <description>Search program category</description>
            <posx>-1830</posx>
            <posy>0</posy>
            <width>42</width>
            <height>42</height>
            <font>font10</font>
            <align>center</align>
            <aligny>center</aligny>
            <textcolor>grey</textcolor>
            <focusedcolor>yellow</focusedcolor>
            <texturefocus>tvg-button-focus.png</texturefocus>
            <texturenofocus>buttons/actionbar/search.png</texturenofocus>
            <onright>7004</onright>
            <onleft>7004</onleft>
            <onclick></onclick>
            <visible>false</visible>
        </control>
        <!-- # categories list array -->
        <control type="list" id="7004">
            <description>categories</description>
            <left>30</left>
            <top>0</top>
            <width>1890</width>
            <height>45</height>
            <viewtype label="3D list">list</viewtype>
            <orientation>horizontal</orientation>
            <itemlayout width="240" height="45">
                <control type="image">
                    <posx>1</posx>
                    <posy>3</posy>
                    <width>237</width>
                    <height>39</height>
                    <texture>black-back.png</texture>
                    <visible>true</visible>
                </control>
                <control type="label">
                    <left>0</left>
                    <top>3</top>
                    <width>240</width>
                    <height>39</height>
                    <align>center</align>
                    <aligny>center</aligny>
                    <textcolor>white</textcolor>
                    <selectedcolor>blue</selectedcolor>
                    <info>ListItem.Label</info>
                </control>
            </itemlayout>
            <focusedlayout width="240" height="45">
                <control type="image">
                    <posx>1</posx>
                    <posy>3</posy>
                    <width>237</width>
                    <height>39</height>
                    <texture>tvg-program-focus.png</texture>
                    <visible>true</visible>
                </control>
                <control type="label">
                    <left>0</left>
                    <top>3</top>
                    <width>240</width>
                    <height>39</height>
                    <align>center</align>
                    <aligny>center</aligny>
                    <textcolor>black</textcolor>
                    <selectedcolor>yellow</selectedcolor>
                    <info>ListItem.Label</info>
                </control>
            </focusedlayout>
        </control>
    </controls>
</window>
